documento_identidad,nombre,apellido,edad,sexo,ingresos_mensuales,perdidas_estimadas,fecha_evacuacion,diarrea,embarazada,cesante_trabajo,cercania_al_rio_casa_mts
762053,ELIANA CRISTINA,CASTILLO MORILLO,23,1,669000,11631132,1-Dec-2018,0,0,0,20
1091527,ANA LUISA,PAEZ MASIAS,22,1,44000,4181745,3-Dec-2018,1,0,1,15
1126794,HONORINA,RODAS HENAO,22,1,1058000,11121721,4-Dec-2018,0,0,0,15
1205620,MARÍA ANGÉLICA,FREDES CARRILLO,22,1,814000,1352283,2-Dec-2018,0,0,0,19
1410448,TANIA ANGELICA,ARROYAVE JARAMILLO,21,1,42000,12557079,2-Dec-2018,0,1,1,16
1664250,ISABEL ZUNILDA,MARULANDA HENAO,28,1,565000,8417811,2-Dec-2018,1,1,0,11
1721758,SERGIO ALEJANDRO,FALCON FALCON,18,0,551000,3877041,5-Dec-2018,0,,0,9
1859125,GREGORY,MORENO LARA,20,0,45000,13019976,3-Dec-2018,0,,1,16
2084602,FRANNY ANTONIETTA,FERNÁNDEZ ROJAS,23,1,507000,1823270,3-Dec-2018,1,0,0,19
2195769,ANDRÉS,MEZA MALDONADO,23,0,12000,3712883,5-Dec-2018,0,,1,10
2239181,ANTONIO,MERIZALDE JARAMILLO,26,0,31000,6238075,2-Dec-2018,1,,1,12
2433611,IRMA DEL CARMEN,MELANO JARAMILLO,25,1,881000,2148813,5-Dec-2018,0,0,0,9
2528319,JHONAIKER JOSE,MUJICA VALERA,18,0,965000,14761958,4-Dec-2018,1,,0,13
2528592,ALEJANDRO,VILLEGAS ECHEVERRI,24,0,754000,3929410,4-Dec-2018,0,,0,15
2706590,JUAN CARLOS CESAR,LOPEZ JARAMILLO,19,0,713000,2139611,1-Dec-2018,1,,0,9
2878458,MARILYN MARLENE,HIGUITA JARAMILLO,21,1,11000,4607514,3-Dec-2018,1,0,1,20
2956317,SEGUNDO RUPERTO,ARIAS JARAMILLO,23,0,49000,5561221,3-Dec-2018,0,,1,15
3145277,JOSE JAMES,LOPEZ RUBIO,27,0,8000,6659180,5-Dec-2018,0,,1,22
3688883,ISABELLA,MARTINEZ CARRERA,25,1,45000,2485509,3-Dec-2018,1,0,1,10
4090889,LEONARDO,CUEVAS FLORES,18,0,18000,14190649,5-Dec-2018,0,,1,15
4217137,CARLOS ALBERTO,SALAMANCA JARAMILLO,21,0,3000,11517983,5-Dec-2018,0,,1,15
4344154,ANDREA ARACELI,PIRELA VIDES,21,1,39000,14848957,3-Dec-2018,0,1,1,21
4533941,PATRICIA,CIFUENTES ZEA,26,1,27000,8797343,5-Dec-2018,0,0,1,18
4542116,ISOLINA SOFIA,OSPINA HENAO,24,1,673000,9304961,1-Dec-2018,0,0,0,16
4854443,KARINA,GUTIERREZ NAVARRO,24,1,842000,12675410,3-Dec-2018,0,0,0,21
4875047,JULIANA,ORTIZ FUENTEALBA,23,1,1079000,9215991,2-Dec-2018,0,1,0,21
4931884,MARIAN DE JESÚS,CALDERON PAREDES,26,1,821000,2841305,2-Dec-2018,0,0,0,16
5135558,MARIA ESTER,FLOREZ ROA,20,1,712000,1734246,4-Dec-2018,0,0,0,18
5142599,MARIA MARGARITA,FERNANDEZ MARTINEZ,28,1,37000,4945199,3-Dec-2018,0,0,1,21
5317324,ANDRES MANUEL,RUIZ ZAMBRANO,28,0,44000,2462499,2-Dec-2018,0,,1,20
5352692,ANA CAROLINA,JIMENEZ GUERRERO,25,1,9000,12884522,2-Dec-2018,0,0,1,20
5476971,AMALIA,OJEDA CRUCES,25,1,5000,8426122,2-Dec-2018,1,1,1,21
5861841,RENÉ LUIS ALBERTO,ANCATRIO CRUZ,26,0,48000,10744066,4-Dec-2018,1,,1,22
5871772,GUSTAVO,MORALES NAVARRETE,20,0,48000,6672435,4-Dec-2018,0,,1,19
5941467,ALEJANDRA,ZAPATA ARRIAGADA,22,1,11000,10796259,4-Dec-2018,1,0,1,10
5968392,BASILIA,SIMANCA JARAMILLO,22,1,672000,2297471,3-Dec-2018,0,0,0,9
6056513,PEDRO RAFAEL,VASQUEZ HENAO,23,0,22000,3888172,1-Dec-2018,0,,1,19
6102234,JORGE LUIS,CASTILLO MORILLO,21,0,1012000,3635744,1-Dec-2018,0,,0,20
6275942,ANOLAIMA,ALVARADO ROMAN,27,1,13000,14308692,2-Dec-2018,0,0,1,8
6465985,KAREN,HENAO HENAO,26,1,39000,6217200,2-Dec-2018,0,0,1,21
6519635,JOSE EDUARDO,LEMA HENAO,19,0,21000,10827546,2-Dec-2018,0,,1,17
6858258,CARLOS ALADINO,SALAZAR HERMOSILLA,23,0,927000,11048093,3-Dec-2018,0,,0,22
6900334,KEILA YAMILETH,LIRA MORALES,28,1,16000,10480161,3-Dec-2018,0,0,1,17
7229532,JERONIMO,GALLARDO TOLEDO,25,0,576000,1128270,5-Dec-2018,0,,0,12
7300423,CARLOS ALBERTO,MEDINA JARAMILLO,28,0,4000,12611067,3-Dec-2018,0,,1,16
7362576,ANDREINA FABIOLA,CORONEL RUMBOS,27,1,39000,7387200,2-Dec-2018,0,0,1,20
7463405,MARIA DEL CARMEN,FONSECA ROA,21,1,20000,3977494,5-Dec-2018,0,1,1,13
7491531,EIDER JOSE,LERMO GUEVARA,26,0,32000,604348,2-Dec-2018,0,,1,8
7526335,MANUEL ALEXI,MATUTE CASTILLO,23,0,40000,2340563,5-Dec-2018,0,,1,10
7538627,MARÍA ISABEL,JARAMILLO JARAMILLO,19,1,1004000,5034254,1-Dec-2018,0,0,0,11
7551325,VIRGINIA,ARANGO NAVAS,27,1,24000,3770657,1-Dec-2018,0,0,1,14
7644455,SEGUNDO,ACEVEDO RODRIGUEZ,28,0,7000,10511290,1-Dec-2018,0,,1,14
7709580,ROBERTA,CANO LOTO,28,1,658000,11043766,4-Dec-2018,0,0,0,11
7974112,JUAN,FERNANDEZ JARAMILLO,23,0,34000,14533579,3-Dec-2018,0,,1,13
8438634,YOMARLY ALEJANDRA,BORJAS MORA,23,1,587000,11272777,2-Dec-2018,0,0,0,13
8495334,NICOLAS,CONTRERAS RODRIGUEZ,23,0,2000,3665586,4-Dec-2018,0,,1,8
8691784,ESTEBAN,PEREZ PEREZ,20,0,894000,10416714,1-Dec-2018,0,,0,12
8698612,RONALD JOSE,NELO PEREZ,24,0,39000,9130146,5-Dec-2018,1,,1,17
8843766,JOSE GREGORIO,REYES HERNANDEZ,28,0,637000,7211351,4-Dec-2018,0,,0,16
8941851,SAMUEL SEGUNDO,ALARCÓN SALAZAR,24,0,16000,5509103,5-Dec-2018,1,,1,16
9137334,MARITZA,ENCINA BELLO,24,1,506000,7915092,4-Dec-2018,0,0,0,19
9286016,FELIPE,PAZ ZAMBRANO,19,0,29000,12549098,5-Dec-2018,0,,1,15
9302636,JOSE JAMES,AVENDAÑO JARAMILLO,21,0,980000,12978031,5-Dec-2018,0,,0,9
9440585,KARELIS YARISNETH,GUACARAN QUILIMACO,19,1,1000,1203812,1-Dec-2018,0,0,1,10
9515813,ROBERTO,ALTAMIRANO PINTO,19,0,44000,5074673,4-Dec-2018,0,,1,17
9571010,FRANCISCO JOSE,LAREZ SUAREZ,27,0,9000,3262196,3-Dec-2018,0,,1,15
9894671,SERGIO,ARAVENA HERNANDEZ,24,0,7000,9310817,5-Dec-2018,0,,1,20
9977042,JUAN PLINIO,DIAZ JARAMILLO,22,0,981000,8650638,5-Dec-2018,0,,0,9
10143103,FELIPE,HENAO HENAO,25,0,3000,9841786,2-Dec-2018,0,,1,21
10248959,FELIPE,PELÁEZ JARAMILLO,19,0,22000,12853400,1-Dec-2018,0,,1,22
10317621,JOSÉ AQUILES,FLOREZ ROA,25,0,18000,3921066,4-Dec-2018,0,,1,18
10383390,RICHARD LEANDRO,PIRELA VIDES,21,0,877000,10829905,3-Dec-2018,0,,0,21
10429567,MONICA,CUEVAS ORELLANA,23,1,40000,3112111,4-Dec-2018,0,0,1,21
10580168,DIXSON MIGUEL,ZAPATA ARRIAGADA,24,0,700000,14817182,4-Dec-2018,0,,0,10
10588914,NILDA,CONTRERAS PINCHEIRA,23,1,26000,1963563,1-Dec-2018,1,1,1,13
10674748,LUIS RICARDO,COCK ZEA,24,0,31000,13221884,4-Dec-2018,0,,1,10
10790907,RYCKARD MALQUIEL,SERRADA LOPEZ,23,0,10000,13333003,4-Dec-2018,0,,1,8
10923914,JHONAIKER JOSE,VERA MELI,26,0,29000,4251419,5-Dec-2018,0,,1,8
11847135,HERMINIO,MOLINA HENAO,23,0,726000,5711100,1-Dec-2018,0,,0,15
11964901,SUSANA ANGELA,BERMUDEZ GONZÁLEZ,24,1,6000,4015130,2-Dec-2018,0,0,1,10
12054394,TATIANA,ALARCÓN SALAZAR,18,1,34000,3224890,5-Dec-2018,1,0,1,16
12148550,JULIO ANDRES,VIDAL MALAVE,18,0,803000,14768243,3-Dec-2018,0,,0,8
12632972,MARIANA,HOYOS JARAMILLO,22,1,42000,11386812,4-Dec-2018,0,0,1,18
12899895,MARTA,DOMINGUEZ ROA,21,1,728000,814250,2-Dec-2018,0,0,0,22
13244242,MARÍA ISABEL,FIERRO MONSALVEZ,25,1,26000,11230514,4-Dec-2018,0,0,1,9
13391900,MARIOXI JOSEFINA,BOLAÑO RODRIGUEZ,25,1,10000,1185854,1-Dec-2018,0,0,1,22
13562639,ROBERTO DAVID,MOLINA MESA,27,0,48000,12609853,4-Dec-2018,0,,1,10
14061269,SEGUNDO RAMÓN,ARISTIZABAL JARAMILLO,20,0,801000,8011453,2-Dec-2018,0,,0,13
14076798,FRANCISCO SEGUNDO,OSORIO HENAO,26,0,24000,14657116,3-Dec-2018,0,,1,15
14108973,UBERLINDA,ARIAS JARAMILLO,21,1,663000,4938181,3-Dec-2018,0,1,0,15
14201290,JULIO,CUEVAS MANRIQUEZ,24,0,21000,6460925,1-Dec-2018,0,,1,11
14363120,MARCELA ELIZABETH,GALLARDO TOLEDO,18,1,18000,4685126,5-Dec-2018,0,0,1,12
14525677,FEDERICO,PELÁEZ JARAMILLO,26,0,563000,2014788,1-Dec-2018,0,,0,22
14638549,PATRICIA JEANNETTE,CASADIEGOS JARAMILLO,20,1,736000,4160595,4-Dec-2018,1,0,0,22
14870146,RAMON ALEXANDER,RODRIGUEZ GUTIÉRREZ,19,0,18000,1137679,4-Dec-2018,1,,1,18
15106786,CARMEN,RICO QUERALES,28,1,769000,5136500,3-Dec-2018,0,0,0,15
15273689,SEGUNDO RAMÓN,LÓPEZ LÓPEZ,24,0,25000,10458246,1-Dec-2018,0,,1,8
15287300,MANUEL ENRIQUE,PAIVA PAEZ,22,0,11000,2792245,3-Dec-2018,0,,1,19
15293346,WILECNIS IRALIS,CORONEL RUMBOS,18,0,35000,14562818,2-Dec-2018,0,,1,20
15587174,LISA,GUERRERO JARAMILLO,27,1,13000,2259495,5-Dec-2018,1,0,1,8
15668557,CAMILO,SANTANA HENAO,28,0,758000,2139431,1-Dec-2018,0,,0,14
15734074,YELITER THAIS,SUAREZ JARAMILLO,20,0,879000,7567850,2-Dec-2018,0,,0,22
15988891,HERALDO,MORA SOUTULLO,26,0,569000,14479042,3-Dec-2018,1,,0,12
16011552,FRANCISCO JOSE,ACOSTA MONTILLA,26,0,8000,14414277,2-Dec-2018,0,,1,18
16507491,MIGUEL,DIAZ JARAMILLO,25,0,15000,10217141,5-Dec-2018,0,,1,9
16536172,PAMELA,CASTRILLÓN EMER,21,1,34000,2233858,5-Dec-2018,0,0,1,9
16558045,DANYELIS KAROLINA,GUERRA BARRETO,21,1,839000,4238860,4-Dec-2018,0,0,0,17
16687343,ALBER EDUARDO,MUÑOZ ZAMBRANO,22,0,12000,7130884,1-Dec-2018,0,,1,12
17246376,CATALINA,RUIZ JARAMILLO,23,1,33000,14995808,5-Dec-2018,1,1,1,9
17262934,ALICIA,VILLAMIZAR ECHEVERRI,27,1,24000,4896626,5-Dec-2018,0,1,1,14
17287081,NIXON RENE,VELOZ ANGARITA,23,0,44000,7607408,5-Dec-2018,0,,1,17
17605203,MAGALY DEL PILAR,GOMEZ ROA,22,1,672000,1701899,2-Dec-2018,0,0,0,9
17936882,NORMA,COCK ZEA,26,1,26000,13657873,4-Dec-2018,0,0,1,10
17993246,AMALIA,ORTIZ REYES,21,1,28000,3193160,3-Dec-2018,1,0,1,10
18051326,PEDRO SEGUNDO,ARANGO NAVAS,19,0,34000,6109941,1-Dec-2018,0,,1,14
18458685,MONICA,CUEVAS MANRIQUEZ,22,1,43000,7996128,1-Dec-2018,0,1,1,11
18932088,ELENA,TORRES TORRES,18,1,23000,2166496,3-Dec-2018,0,0,1,14
19480057,IRMA ELIANA,MEDINA JARAMILLO,26,1,39000,4741481,3-Dec-2018,0,1,1,16
19963397,TAMMY,AVILA FRIZ,20,1,1078000,6868938,3-Dec-2018,1,0,0,8
20003587,ELENA,RAMIREZ JARAMILLO,23,1,549000,3756824,4-Dec-2018,0,0,0,10
20058204,FLOR ESILDA,PAMPALONI SILEY,20,1,32000,8174941,3-Dec-2018,0,1,1,18
20097711,JOSE LUIS,ZAPATA ECHEVERRI,21,0,43000,13309560,3-Dec-2018,0,,1,19
20303556,PATRICIA UBERLINDA,CARRILLO CLARO,27,1,14000,2759956,1-Dec-2018,0,0,1,12
20446117,LUIS,CONTRERAS PINCHEIRA,21,0,1072000,6894981,1-Dec-2018,0,,0,13
20511839,ALEJANDRA DEL CARMEN,MUÑOZ ZAMBRANO,23,1,2000,14323551,1-Dec-2018,0,0,1,12
20626151,JOSE GABRIEL,VALENCIA CABRERA,18,0,36000,9826306,2-Dec-2018,0,,1,14
20637246,ELISA,PUGA WILSON,26,1,843000,3154758,1-Dec-2018,0,0,0,13
20725207,MARILYN MARLENE,ESPEJO VALENZUELA,24,1,725000,14927661,1-Dec-2018,0,0,0,19
20836687,ANGELA,PONCE MARIN,27,1,41000,10029174,1-Dec-2018,0,0,1,18
20920029,JOSÉ AQUILES,LEMOS HENAO,18,0,971000,12438892,5-Dec-2018,0,,0,13
21021097,HERALDO,GOMEZ ROA,21,0,25000,4303734,2-Dec-2018,0,,1,9
21082824,MAYELIN ANDREA,CEPEDA ORTEGA,18,1,7000,3320934,1-Dec-2018,0,1,1,13
21463281,ALEXANDER MIGUEL,POSADA HENAO,21,0,31000,14442669,4-Dec-2018,0,,1,17
21752930,IVAN JOSE,BAHAMÓN GONZÁLEZ,19,0,1016000,1469364,4-Dec-2018,1,,0,11
21914150,EDGARDO LUIS,RAMIREZ ESQUEDA,24,0,1060000,13738927,1-Dec-2018,0,,0,10
22246237,ELIANA,VALERA CARTAGENA,19,1,37000,2416350,2-Dec-2018,1,0,1,17
22301784,MARIA MARGARITA,IDARRAGA JARAMILLO,28,1,24000,6315154,4-Dec-2018,0,0,1,20
22344025,JUAN BAUTISTA,IBAÑEZ TORRES,20,0,811000,11879793,2-Dec-2018,0,,0,11
22478467,SAMUEL,BIAVA GONZÁLEZ,24,0,22000,5221402,5-Dec-2018,0,,1,18
22515581,JUAN HONORINO,HOYOS JARAMILLO,27,0,43000,12000663,4-Dec-2018,0,,1,18
22554212,JUAN ALBERTO,IDARRAGA JARAMILLO,25,0,20000,7086022,4-Dec-2018,1,,1,20
22580987,ENRIQUE,POSADA HENAO,26,0,756000,5099886,4-Dec-2018,0,,0,17
22618083,BARBARA,SUAREZ JARAMILLO,20,1,19000,14903859,2-Dec-2018,0,0,1,22
22830908,JESUS EDUARDO,TOLEDO JARAMILLO,20,0,49000,8590653,5-Dec-2018,1,,1,19
23017071,LEONARDO MANUEL,CORTES JARAMILLO,22,0,11000,6564354,4-Dec-2018,0,,1,16
23102089,MARIA XIMENA,IBAÑEZ TORRES,18,1,987000,9328203,2-Dec-2018,0,0,0,11
23115974,ELIO RAMON,ALVAREZ PEREZ,21,0,34000,9969228,5-Dec-2018,0,,1,16
23324278,PEDRO,ASCENCIO VERA,22,0,7000,6203609,1-Dec-2018,0,,1,14
23400757,PAMELA,CONTRERAS RODRIGUEZ,19,1,567000,2622971,4-Dec-2018,0,0,0,8
23409474,FLILOMENA DEL CARMEN,TRANGULAO ASTORGA,25,1,34000,4640099,3-Dec-2018,1,0,1,9
23572646,IDANIS YANETH,FREITEZ PETIT,27,1,539000,12178413,1-Dec-2018,0,0,0,8
24164869,SERGIO ALEJANDRO,SIMANCA JARAMILLO,28,0,40000,9855933,3-Dec-2018,0,,1,9
24262889,PATRICIO SEGUNDO,CARRILLO CARRILLO,22,0,42000,3472181,1-Dec-2018,0,,1,20
24412195,EDITA,TORREALBA NELO,22,1,42000,648170,2-Dec-2018,1,0,1,21
24536641,MARÍA ISABEL,FIERRO MUÑOZ,23,1,513000,12754214,4-Dec-2018,0,0,0,8
24554193,GREGORI JOSE,CALDERON PAREDES,28,0,1053000,10781098,2-Dec-2018,0,,0,16
24561775,ANA DELIA,SILVA GUILLEN,26,1,2000,5414373,2-Dec-2018,0,1,1,15
24626392,JOSE ALEJANDRO,FREITEZ PETIT,27,0,838000,4032755,1-Dec-2018,0,,0,8
25032958,ALEXANDRA,NATERA ECHANDIA,18,1,716000,3905184,5-Dec-2018,0,0,0,11
25065206,ANGELINA,TOLEDO JARAMILLO,19,1,46000,13254347,5-Dec-2018,0,0,1,19
25728152,JUAN PLINIO,HINCAPIE JARAMILLO,24,0,24000,1685758,5-Dec-2018,0,,1,19
25759125,CARLOS LUIS,PARDO PEREZ,21,0,568000,1204034,5-Dec-2018,0,,0,13
25780970,RAFAEL ANTONIO,VELOZ DIAZ,22,0,35000,14705960,3-Dec-2018,1,,1,21
26001322,HERNAN JOSE,PINEDA PEDROZA,20,0,608000,14134649,4-Dec-2018,0,,0,21
26026369,RYAN JOSE,GARRIDO GONZÁLEZ,19,0,22000,2906385,2-Dec-2018,0,,1,19
26397955,ESTELA DE LAS MERCEDES,ZEA HENAO,22,1,642000,3523238,1-Dec-2018,0,0,0,10
26416365,ANAIS CAROLINA,MARQUEZ RODRIGUEZ,22,1,32000,12733670,2-Dec-2018,0,0,1,15
26570721,CARLOS ALADINO,MEDINA CISTERNAS,26,0,8000,13476301,1-Dec-2018,0,,1,8
26716914,ESTELA DE LAS MERCEDES,PEREZ JARAMILLO,21,1,48000,11386181,1-Dec-2018,0,0,1,22
26768564,CARLOS LUIS,VALERA CARTAGENA,27,0,45000,11929756,2-Dec-2018,0,,1,17
26794628,YOMARLY ALEJANDRA,BEROES ROJAS,19,1,38000,6644846,2-Dec-2018,0,0,1,15
26847106,STEPANIA,ARANGO NAVAS,18,1,592000,12611959,1-Dec-2018,0,0,0,14
26882454,SERGIO,ARANGO NAVAS,18,0,8000,5588687,1-Dec-2018,0,,1,14
26918041,MANUEL ENRIQUE,HIDALGO MARTÍNEZ,24,0,727000,5850549,5-Dec-2018,0,,0,10
26927744,KLEIBER JOSE,QUINTERO ROCHE,22,0,41000,4364093,2-Dec-2018,1,,1,17
27063964,JORGE,FUENTEALBA VALLEJOS,22,0,45000,4616252,4-Dec-2018,0,,1,10
27142017,GREGORI ALEXANDER,CORTEZ TOLEDO,20,0,562000,5703484,5-Dec-2018,0,,0,13
27457240,CRISTINA,SALCEDO SANTIAGO,25,1,823000,4951685,1-Dec-2018,1,0,0,16
27561202,EDGARDO LUIS,ROMERO BENAVENTE,18,0,602000,3875733,5-Dec-2018,0,,0,22
27965884,PAULA,CARRASCO PALMA,19,1,31000,5977153,4-Dec-2018,0,0,1,12
28018026,ALBERTO,OLIVARES JEREZ,18,0,32000,11381866,5-Dec-2018,0,,1,13
28130691,DALIA,RODRIGUEZ HENAO,25,1,9000,9874337,2-Dec-2018,0,0,1,22
28462967,MELISA,DIAZ JARAMILLO,19,1,661000,2970330,5-Dec-2018,0,0,0,9
28677929,MARIANA,FAUNDEZ BAEZA,24,1,27000,12111763,2-Dec-2018,0,0,1,21
28759756,BERNARDA DEL CARMEN,RAMIREZ ESQUEDA,23,1,1079000,10498014,1-Dec-2018,0,0,0,10
28938651,VIRGILIO ANTONIO,TORO JARAMILLO,25,0,10000,2485548,4-Dec-2018,0,,1,14
29032500,YASNA EVELYN,ARANGO NAVAS,23,1,685000,2340072,1-Dec-2018,0,1,0,14
29135663,FRANCISCO,GUTIERREZ CANALES,23,0,4000,7999966,1-Dec-2018,0,,1,18
29352600,ELYS ADRIANA,GARCIA ANTEQUERA,24,1,42000,5388913,5-Dec-2018,0,1,1,13
29360225,MARIOXI JOSEFINA,CONIGLIARO GARCIA,26,1,36000,14751643,4-Dec-2018,0,1,1,18
29567296,SEBASTIAN,ARROYAVE JARAMILLO,27,0,18000,11777966,2-Dec-2018,0,,1,16
30328044,ANDRÉS,TRANGULAO ASTORGA,27,0,832000,7979734,3-Dec-2018,0,,0,9
30490946,JOSE ANTONIO,PEREZ HENRIQUEZ,19,0,1018000,8309334,2-Dec-2018,0,,0,18
30557258,JOSE LUIS,MONTILLA GAMEZ,21,0,506000,12988590,1-Dec-2018,0,,0,8
30589835,DANIELA,SEPULVEDA LÓPEZ,18,1,8000,3137442,5-Dec-2018,0,0,1,10
30873531,MARCELA,LEMUS HENAO,21,1,520000,8715009,3-Dec-2018,0,0,0,11
31020122,FRANCISCO SEGUNDO,GUERRERO LEAL,21,0,3000,5850143,4-Dec-2018,0,,1,16
31034165,LUIS RICARDO,GONZALEZ SANZANA,28,0,771000,5912361,2-Dec-2018,0,,0,9
31320867,ANNY YENIRE,LINARES RANGEL,26,1,34000,13804374,2-Dec-2018,1,0,1,22
31453109,MARIO,CASTILLO MOLINA,23,0,534000,14367955,3-Dec-2018,0,,0,16
31497178,MARIANGEL THAIS,PEREZ HENRIQUEZ,27,1,771000,12846953,2-Dec-2018,0,0,0,18
31556283,HERNAN JOSE,SIERRA JARAMILLO,22,0,3000,641734,2-Dec-2018,0,,1,14
31704351,SEGUNDO RUPERTO,MARIN JARAMILLO,41,0,15000,2882355,4-Dec-2018,0,,1,20
31793363,SAVIER MIGUEL,GONZALEZ ROA,43,0,751000,5596881,2-Dec-2018,0,,0,18
31954924,ISMEIRIU YOHAIL,ECHANDIA LISET,36,1,1063000,7974461,2-Dec-2018,0,0,0,13
31956509,YOSME ABEL,RAMOS PEÑA,39,0,702000,9461654,1-Dec-2018,0,,0,15
31997231,JOHAN JOSE,GUACARAN QUILIMACO,42,0,46000,9022351,1-Dec-2018,0,,1,10
32077032,ANA CRISTINA,AZUAJE MEDINA,54,1,12000,8078220,4-Dec-2018,0,,1,12
32212626,ALEJANDRO,MUÑOZ JARAMILLO,55,0,40000,2624327,3-Dec-2018,0,,1,22
32334707,ANDREINA FABIOLA,DIAZ FRANCHIOLLA,54,1,933000,8467663,1-Dec-2018,0,,0,15
32769338,KARELIS YARISNETH,GUTIERREZ AULAR,31,1,1000,13196155,5-Dec-2018,0,0,1,18
32776151,SOFIA,ARANGO NAVAS,46,1,1009000,7747393,1-Dec-2018,0,,0,14
33013553,ROBERTA,CARO LOTO,36,1,578000,3802397,3-Dec-2018,0,0,0,20
33106005,ANGELA,TORO JARAMILLO,33,1,17000,12145133,4-Dec-2018,0,0,1,14
33282355,YOSME ABEL,SALCEDO SANTIAGO,39,0,47000,4322120,1-Dec-2018,0,,1,16
33322777,EDINA,TORREALBA ESCOBAR,34,1,34000,9254309,5-Dec-2018,0,1,1,20
33357434,MIGUEL,DE SANTIS,37,0,725000,6358826,5-Dec-2018,0,,0,16
33836292,YENIRETH DEL VALLE,MONTILLA GAMEZ,32,1,808000,8250778,1-Dec-2018,0,0,0,8
33923043,DANIELA JOSELIN,MORENO LARA,43,1,8000,2396167,3-Dec-2018,0,,1,16
34047256,SUSANA,BERRIO GONZÁLEZ,51,1,14000,8421240,5-Dec-2018,0,,1,18
34072587,JULIÁN,HERNANDEZ LÓPEZ,34,0,1000,4911357,3-Dec-2018,0,,1,10
34170144,JHON LUIS,MORILLO ROMERO,45,0,44000,12567600,3-Dec-2018,0,,1,22
34302827,MOISES,CARMONA LOTO,35,0,45000,6007281,4-Dec-2018,0,,1,11
34316582,PEDRO SEGUNDO,CARRASCO CARRASCO,34,0,659000,10092585,3-Dec-2018,0,,0,15
34418770,JHONMY ANTONIO,ALVARADO ROMAN,46,0,23000,12837549,2-Dec-2018,0,,1,8
34543319,RAFAEL ANGEL,RICO QUERALES,46,0,26000,5456723,3-Dec-2018,0,,1,15
34709914,MARGARLIDA,APONTE NAVAS,39,1,46000,9991069,2-Dec-2018,0,0,1,18
35010013,LUISA,MALDONADO MONTALBA,47,1,1070000,4660376,5-Dec-2018,0,,0,9
35023745,EUDIS ALBERTO,GONZALEZ OCHOA,45,0,1000000,2261651,4-Dec-2018,0,,0,9
35237279,RAQUEL,CARRASCO CARRASCO,47,1,706000,6319939,3-Dec-2018,0,,0,15
35512873,ADRIANA CAROLINA,GALLARDO MEDINA,53,1,764000,4878419,3-Dec-2018,0,,0,18
35563711,JOSE,LINCURA BOGUEN,46,0,50000,889913,3-Dec-2018,0,,1,21
35624774,SARA,CACERES MONSALVE,40,1,31000,14129925,1-Dec-2018,0,0,1,10
35756247,RENY ALEJANDRO,ECHANDIA LISET,39,0,1000,2404908,2-Dec-2018,0,,1,13
35768831,VICTOR MANUEL,SANCHEZ ULACIO,41,0,47000,9306279,3-Dec-2018,0,,1,18
35774665,YENNY,ALARCON PEREIRA,52,1,38000,13568806,3-Dec-2018,0,,1,13
35915161,IVAN JOSE,MONTENEGRO DIEZ,44,0,16000,5787633,4-Dec-2018,0,,1,20
36076043,MARIO,ESCOBAR NAVARRO,50,0,603000,13478590,3-Dec-2018,0,,0,22
36076806,MIGUEL ANGEL,OJEDA CASTILLO,40,0,24000,8465817,1-Dec-2018,0,,1,17
36422340,JOSE GREGORIO,ROMÁN RAMOS,53,0,1039000,1940503,1-Dec-2018,0,,0,18
36476424,YESENIA CAROLINA,ORTEGA ORTEGA,54,1,1072000,8385826,3-Dec-2018,0,,0,16
36521162,FEDERICO,HERMOSILLA SANHUEZA,32,0,4000,5066814,2-Dec-2018,0,,1,20
36682865,OSCAR,BUSTOS JARAMILLO,53,0,912000,7641350,3-Dec-2018,0,,0,11
36736147,JUAN CARLOS,MORA TANCREDI,36,0,14000,4637265,2-Dec-2018,0,,1,12
37027124,MARIANA,FAUNDEZ RETAMAL,31,1,42000,13727791,2-Dec-2018,0,0,1,19
37057200,CECILIA,RUIZ ROA,36,1,828000,10112002,3-Dec-2018,0,0,0,19
37081666,JESUS ALBERTO,RICO JARAMILLO,32,0,17000,5990818,4-Dec-2018,0,,1,9
37453683,MARIA,GALLARDO TAPIA,54,1,23000,10696324,4-Dec-2018,0,,1,10
37572369,CAROLINA,RODRIGUEZ ADAMES,51,1,16000,11491279,1-Dec-2018,0,,1,18
37644786,ANGELINA,PRADO LLOVERA,42,1,6000,5071816,2-Dec-2018,0,,1,14
37858685,MARITZA,DUQUE ROA,49,1,50000,2305929,2-Dec-2018,0,,1,16
37919852,FLOR ESILDA,TAMAYO JARAMILLO,39,1,32000,7465346,2-Dec-2018,1,0,1,18
37952489,MAURICIO,CASADIEGOS JARAMILLO,54,0,17000,10223188,4-Dec-2018,1,,1,22
38130545,SEBASTIAN,AGUAYO CHÁVEZ,38,0,18000,12349355,3-Dec-2018,0,,1,17
38269254,SIMÓN,AZUAJE MEDINA,33,0,21000,583579,4-Dec-2018,0,,1,12
38314097,ROSA EULALIA,BURGOS JARAMILLO,39,1,10000,14324565,5-Dec-2018,0,0,1,17
38406683,MIJAIL HUSSEIN,ORTEGA ORTEGA,31,0,619000,1639101,3-Dec-2018,0,,0,16
38829160,MIJAIL HUSSEIN,HERRERA POLANCO,37,0,2000,13631208,3-Dec-2018,0,,1,13
38934385,LUISA,GONZALEZ CONTRERAS,35,1,901000,4089568,3-Dec-2018,0,0,0,8
39020425,ANNI MARIELIS,MOLINA UZCATEGUI,31,1,1000,815354,2-Dec-2018,0,0,1,20
39116790,ESTEBALDINA,ACOSTA MONTILLA,54,1,854000,2204683,2-Dec-2018,0,,0,18
39142045,SAMUEL SEGUNDO,BETANCURT GONZÁLEZ,54,0,826000,3037808,1-Dec-2018,1,,0,8
39157468,CARLOS,MENDEZ JARAMILLO,34,0,1096000,9948246,5-Dec-2018,0,,0,13
39289903,PEDRO RAFAEL,NATERA ECHANDIA,48,0,28000,4632232,5-Dec-2018,0,,1,11
39369149,YEAN LEONARDO,TORRES TORRES,35,0,22000,9408669,3-Dec-2018,1,,1,14
39401343,ANA DELIA,MORA TANCREDI,49,1,21000,14373154,2-Dec-2018,0,,1,12
39417342,UBERLINDA,AGUIRRE VIGNOLO,30,1,28000,1676121,1-Dec-2018,0,0,1,11
39609784,WRALLAM ANTONY,VILLAMIZAR ECHEVERRI,34,0,1089000,4697333,5-Dec-2018,0,,0,14
40381128,HILDA,SALAZAR HERMOSILLA,47,1,3000,536400,3-Dec-2018,1,,1,22
40461898,JUAN,JARAMILLO JARAMILLO,38,0,22000,12572925,1-Dec-2018,0,,1,11
40541560,KLEIBER JOSE,RUIZ CUEVAS,49,0,740000,12160004,1-Dec-2018,1,,0,17
40681516,EDITA,RAMOS PEÑA,32,1,5000,12769689,1-Dec-2018,0,0,1,15
40824295,HILDA ESTER,SALAMANCA JARAMILLO,34,1,1084000,10396919,5-Dec-2018,0,0,0,15
40988232,JAVIER,MARQUEZ HENAO,41,0,1000,8097132,1-Dec-2018,1,,1,21
41227935,MARIA XIMENA,FERNANDEZ JARAMILLO,36,1,0,10711062,3-Dec-2018,0,1,1,13
41300756,JESUS OSNEIBER,SANTIBAÑEZ FIGUEROA,40,0,929000,10165876,3-Dec-2018,0,,0,9
41503536,DIANA,SERRADA LOPEZ,55,1,24000,14804427,4-Dec-2018,1,,1,8
41658805,JULIETH,HERMOSILLA SANHUEZA,54,1,26000,13351306,2-Dec-2018,0,,1,20
41778914,JUAN ASDRUBAL,OROPEZA MACHADO,34,0,1087000,9650039,4-Dec-2018,1,,0,11
41921471,MARÍA CRISTINA,LARA RIOS,30,1,40000,8570793,5-Dec-2018,0,0,1,13
42081908,JOHAN JOSE,MOLINA MESA,36,0,751000,13195205,4-Dec-2018,0,,0,10
42489477,RIGOBERTO,CANO LOTO,45,0,33000,11187623,4-Dec-2018,1,,1,11
42658378,RAMÓN SEGUNDO,CARMONA LOTO,48,0,558000,8105994,4-Dec-2018,0,,0,11
42682548,SONIA INÉS,ARANGO NAVAS,55,1,3000,7786370,1-Dec-2018,1,,1,14
42723708,SANTIAGO,BERRIO GONZÁLEZ,51,0,9000,8678671,5-Dec-2018,1,,1,18
42752006,MERCEDES DEL CARMEN,GONZALEZ SANZANA,52,1,38000,3551992,2-Dec-2018,0,,1,9
43095050,FRANNY ANTONIETTA,ESPINOZA BALZA,52,1,643000,9925959,3-Dec-2018,0,,0,20
43244557,MONICA,ESCOBAR NAVARRO,39,1,34000,1247570,3-Dec-2018,1,0,1,22
43269533,ANDREA,URIBE JARAMILLO,49,1,45000,5778569,1-Dec-2018,0,,1,22
43550797,JORGE,FREDES CARRILLO,47,0,8000,8901555,2-Dec-2018,0,,1,19
43638932,GUILLERMO,GRANDA ROA,40,0,1056000,6466915,3-Dec-2018,0,,0,17
43706629,JOSE GABRIEL,ESTRADA HERRERA,32,0,36000,5337902,5-Dec-2018,0,,1,13
43760261,JULIO ANDRES,OSORIO HENAO,35,0,959000,4803462,3-Dec-2018,0,,0,15
43823243,JOSE ANTONIO,OJEDA CRUCES,30,0,1000,8528320,2-Dec-2018,0,,1,21
43883500,ANNY YENIRE,HERRERA POLANCO,30,1,523000,8184040,3-Dec-2018,1,0,0,13
43897678,RIGOBERTO,ALZATE CRUZ,52,0,30000,13755806,5-Dec-2018,0,,1,9
44112797,ROBERTO DAVID,AZUAJE MEDINA,54,0,12000,8313023,4-Dec-2018,0,,1,12
44116697,DINARA,SOLARTE ANTUNEZ,54,1,12000,525501,5-Dec-2018,0,,1,20
44179868,HILDA,MEZA MALDONADO,35,1,26000,6943698,5-Dec-2018,0,0,1,10
44387948,TOMAS,ALARCON PEREIRA,54,0,16000,3126623,3-Dec-2018,0,,1,13
44388147,ANA CAROLINA,LOPEZ RUBIO,37,1,814000,13329850,5-Dec-2018,1,0,0,22
44568677,ROSALBA MABEL,LOPEZ JARAMILLO,44,1,48000,7559564,1-Dec-2018,1,,1,9
44757729,MIGUEL,CARRILLO CLARO,47,0,36000,13287526,1-Dec-2018,0,,1,12
45175781,CRISTINA,RODRÍGUEZ HENAO,49,1,5000,5745733,1-Dec-2018,0,,1,12
45457555,ADRIANA,BAHAMÓN GONZÁLEZ,3,1,0,0,4-Dec-2018,0,,,11
45573801,GONZALO,GUERRA JARAMILLO,7,0,0,0,2-Dec-2018,1,,,17
45623120,CHRISTIAN LENIN,MOLINA UZCATEGUI,9,0,0,0,2-Dec-2018,0,,,20
45853204,NATALIA,CORTES JARAMILLO,12,1,0,0,4-Dec-2018,0,,,16
45986764,IRENE DEL CARMEN,MENDEZ JARAMILLO,14,1,0,0,5-Dec-2018,0,0,,13
45999641,ANNI MARIELIS,PARRA ROJAS,12,1,0,0,5-Dec-2018,0,,,20
46068884,MARIA,LEMA HENAO,1,1,0,0,2-Dec-2018,1,,,17
46176853,ELISEO JOSE,RAMIREZ JARAMILLO,10,0,0,0,4-Dec-2018,0,,,10
46327613,JORGE,LOYOLA CORTÉZ,0,0,0,0,1-Dec-2018,0,,,20
46651616,FLOR MARINA,SANTANA HENAO,11,1,0,0,1-Dec-2018,1,,,14
46850843,DAVID,MARTINEZ CARRERA,4,0,0,0,3-Dec-2018,1,,,10
47316088,CARLOS,MELLA ARELLANO,2,0,0,0,2-Dec-2018,1,,,10
47496968,MANUELA,GIRALDO ROA,11,1,0,0,1-Dec-2018,0,,,20
47529816,TATIANA,ARRATIA RIVAS,14,1,0,0,1-Dec-2018,0,0,,13
47536459,MARÍA ANGÉLICA,LARA RIOS,17,1,0,0,5-Dec-2018,0,0,,13
47553152,CARMEN JULIA DEL ROSARIO,ESTRADA HERRERA,11,1,0,0,5-Dec-2018,0,,,13
47699574,CAMILA,REYES PEREZ,1,1,0,0,4-Dec-2018,0,,,13
47702115,PATRICIA JEANNETTE,CASTRO EMER,3,1,0,0,2-Dec-2018,1,,,21
47977160,YENIRETH DEL VALLE,RODRIGUEZ GUTIÉRREZ,16,1,0,0,4-Dec-2018,0,0,,18
48244713,JUAN BAUTISTA,DOMINGUEZ ROA,15,0,0,0,2-Dec-2018,0,,,22
48374559,CARMEN JULIA DEL ROSARIO,FIGUEROA PÉREZ,4,1,0,0,5-Dec-2018,1,,,8
48675648,ARMANDO LEOPOLDO,RAMIREZ ESPAÑA,4,0,0,0,5-Dec-2018,0,,,20
48815740,JOSE ALEJANDRO,CEPEDA ORTEGA,10,0,0,0,1-Dec-2018,0,,,13
48856087,DIXSON MIGUEL,MONTENEGRO TORREALBA,15,0,0,0,4-Dec-2018,0,,,18
49065316,ROSA ELENA,BUSTOS JARAMILLO,16,1,0,0,3-Dec-2018,1,0,,11
49678532,PEDRO,CARRASCO PALMA,11,0,0,0,4-Dec-2018,1,,,12
49785425,SANTIAGO,AGUIRRE VIGNOLO,8,0,0,0,1-Dec-2018,0,,,11
49849629,FRANCISCO JOSE,DIAZ ACOSTA,5,0,0,0,2-Dec-2018,1,,,14
49876429,LUIS EDUARDO,LINARES RANGEL,9,0,0,0,2-Dec-2018,1,,,22
50032646,SOFIA,BUSTOS RIFFO,7,1,0,0,1-Dec-2018,1,,,10
50094024,GLORIA,SALGADO ORTIZ,0,1,0,0,2-Dec-2018,0,,,15
50174831,JACOBO,MARQUEZ HENAO,17,0,0,0,1-Dec-2018,1,,,21
50380391,SIMÓN,ARANGO NAVAS,12,0,0,0,1-Dec-2018,0,,,14
50384404,YESENIA CAROLINA,MATUTE CASTILLO,4,1,0,0,5-Dec-2018,0,,,10
50466074,DEMESIO DEL TRÁNSITO,RIVAS AVELLO,11,0,0,0,2-Dec-2018,0,,,11
50580407,ELENA,RAMIREZ JARAMILLO,16,1,0,0,4-Dec-2018,1,0,,10
50714359,TERESA DEL CARMEN,ALARCÓN SALAZAR,8,1,0,0,5-Dec-2018,0,,,16
50831558,MARLENE YAKELIN,GONZALEZ ROA,8,1,0,0,2-Dec-2018,1,,,18
50941722,DANIEL,RODAS HENAO,10,0,0,0,4-Dec-2018,0,,,15
51048693,MERCEDES DEL CARMEN,DIAZ JARAMILLO,16,1,0,0,5-Dec-2018,0,0,,9
51242883,SERGIO,APONTE NAVAS,5,0,0,0,2-Dec-2018,1,,,18
51262495,ELYS ADRIANA,GAUNA ROBERTIS,8,1,0,0,5-Dec-2018,0,,,13
51291243,JHON LUIS,VERGARA JARAMILLO,4,0,0,0,3-Dec-2018,1,,,9
51375978,MARIA ANGELICA,LEAL LEAL,0,1,0,0,1-Dec-2018,0,,,14
51447013,ROGUERS ALBERTO,ALARCÓN VALDEBENITO,11,0,0,0,1-Dec-2018,1,,,17
51491373,JESUS ALBERTO,ROJAS ROMERO,12,0,0,0,1-Dec-2018,0,,,13
51513653,JUAN,JARAMILLO JARAMILLO,11,0,0,0,1-Dec-2018,0,,,11
51611418,JUAN ALBERTO,DUQUE ROA,13,0,0,0,2-Dec-2018,0,,,16
51679385,CARLOS,MELANO JARAMILLO,6,0,0,0,5-Dec-2018,0,,,9
51800151,DANIELA JOSELIN,VOLCAN FLORES,14,1,0,0,1-Dec-2018,0,0,,18
51822427,JEFFERSON JOSE,PARRA ROJAS,5,0,0,0,5-Dec-2018,0,,,20
52226342,NESTOR JOSE,ROJAS JARAMILLO,10,0,0,0,5-Dec-2018,0,,,10
52264457,JESUS,MALDONADO MONTALBA,0,0,0,0,5-Dec-2018,0,,,9
52404143,GREGORY,VILALOBOS VILLALOBOS,2,0,0,0,4-Dec-2018,1,,,14
52608823,DILMARY,DUQUE ESCULPI,8,1,0,0,2-Dec-2018,1,,,20
52643351,JOSE GABRIEL,PEÑA MENDOZA,4,0,0,0,1-Dec-2018,0,,,17
52736964,MELINA,DÍAZ ORTIZ,11,1,0,0,4-Dec-2018,0,,,22
53104875,JULIETH,MUÑOZ MOLINA,2,1,0,0,5-Dec-2018,0,,,21
53320937,NESTOR JOSE,REYES PEREZ,2,0,0,0,4-Dec-2018,0,,,13
53608584,ELISA,VELOZ ANGARITA,5,1,0,0,5-Dec-2018,0,,,17
53640655,DAVID,RIVERA RETAMAL,12,0,0,0,5-Dec-2018,0,,,22
53678245,GRACIELA,MUÑOZ JARAMILLO,6,1,0,0,3-Dec-2018,1,,,22
53716884,EVELYN,VILLEGAS ECHEVERRI,12,1,0,0,4-Dec-2018,0,,,15
53778760,JESSICA,MARIN CONCHA,0,1,0,0,3-Dec-2018,1,,,14
54041856,JESUS,GALLARDO TAPIA,13,0,0,0,4-Dec-2018,1,,,10
54592733,ANA MERCEDES,VALLEJO HENAO,13,1,0,0,2-Dec-2018,0,,,17
54639024,JUAN,FAUNDEZ RETAMAL,6,0,0,0,2-Dec-2018,0,,,19
54707270,IRMA,RIVERA RETAMAL,12,1,0,0,5-Dec-2018,0,,,22
54770198,MARIA DEL CARMEN,LAGOS OLIVA,11,1,0,0,4-Dec-2018,0,,,10
55104913,PEDRO JOSE,ESCOBAR RODRÍGUEZ,5,0,0,0,2-Dec-2018,1,,,20
55131420,ISABEL,PELÁEZ JARAMILLO,9,1,0,0,1-Dec-2018,0,,,22
55135578,YEAN LEONARDO,PEREZ JARAMILLO,3,0,0,0,1-Dec-2018,0,,,22
55190856,KEIMILI KARLENYS,BOCANEY BOCANEY,8,1,0,0,2-Dec-2018,0,,,16
55524425,MARLENE YAKELIN,GONZALEZ OCHOA,1,1,0,0,4-Dec-2018,1,,,9
55680768,MANUEL ALEJANDRO,MEJIAS ACOSTA,2,0,0,0,1-Dec-2018,0,,,22
55821282,ANA,VERA MELI,16,1,0,0,5-Dec-2018,0,0,,8
55823437,NIXON RENE,PAMPALONI SILEY,13,0,0,0,3-Dec-2018,0,,,18
56036836,DAVID,MARULANDA HENAO,7,0,0,0,2-Dec-2018,1,,,11
56262953,CARLOS,SANCHEZ JARAMILLO,0,0,0,0,4-Dec-2018,0,,,11
56294321,JOSÉ MARIA,FIERRO MONSALVEZ,11,0,0,0,4-Dec-2018,0,,,9
56421045,ROSA EULALIA,CARMONA LOTO,4,1,0,0,4-Dec-2018,0,,,11
56667576,ANDRES MANUEL,RECABAL SILVA,1,0,0,0,1-Dec-2018,1,,,18
56874737,SANDRA,CANO LOTO,7,1,0,0,4-Dec-2018,1,,,11
56975441,JESUS OSNEIBER,PONCE MARIN,13,0,0,0,1-Dec-2018,0,,,18
57129472,NATALIA,DIAZ JARAMILLO,6,1,0,0,5-Dec-2018,1,,,9
57177612,EMMANUEL ALFREDO,APONTE NAVAS,0,0,0,0,2-Dec-2018,0,,,18
57408073,JOSE,FRANCO ROA,12,0,0,0,2-Dec-2018,0,,,18
57422068,FRESIA DEL CARMEN,OSORIO HENAO,5,1,0,0,3-Dec-2018,0,,,15
57549334,MÓNICA DEL CARMEN,DIEZ ROA,14,1,0,0,4-Dec-2018,0,0,,15
57693800,DILMARY,ESCOBAR NATERA,14,1,0,0,4-Dec-2018,0,0,,16
57938686,BASILIA,RAMIREZ ESPAÑA,7,1,0,0,5-Dec-2018,0,,,20
58741431,GREGORI JOSE,FERNÁNDEZ ROJAS,10,0,0,0,3-Dec-2018,1,,,19
58784012,DANIELA,ROCHA SAEZ,6,1,0,0,1-Dec-2018,0,,,21
59003878,RAFAEL,ARANGO NAVAS,0,0,0,0,1-Dec-2018,1,,,14
59223600,JOSE EDUARDO,FLORES TERÁN,17,0,0,0,4-Dec-2018,0,,,18
59301822,RENÉ LUIS ALBERTO,CARMONA LOTO,1,0,0,0,4-Dec-2018,0,,,11
59875262,ANA MARIA,VASQUEZ HENAO,2,1,0,0,1-Dec-2018,1,,,19
60066796,ANDREA ARACELI,URIBE JARAMILLO,4,1,0,0,1-Dec-2018,0,,,22
60315580,EMA DEL CARMEN,VELOZ DIAZ,5,1,0,0,3-Dec-2018,0,,,21
60371790,GUILLERMO,MOTA JARAMILLO,15,0,0,0,3-Dec-2018,0,,,13
60477027,JOSE JAVIER,ORTIZ REYES,4,0,0,0,3-Dec-2018,0,,,10
60565109,MANUEL ALEJANDRO,TOVAR ROMERO,9,0,0,0,5-Dec-2018,0,,,15
60588274,MARIA IRMA,JARAMILLO JARAMILLO,2,1,0,0,1-Dec-2018,1,,,11
60823395,JULIANA,HERNANDEZ HENAO,14,1,0,0,4-Dec-2018,0,0,,8
60872659,RENERIS DEL CARMEN,GAMARRA ORTEGA,3,1,0,0,5-Dec-2018,1,,,17
60931663,JHONMY ANTONIO,LERMO GUEVARA,0,0,0,0,2-Dec-2018,0,,,8
60959043,DANIEL,MATAMALA ESCOBAR,11,0,0,0,5-Dec-2018,1,,,20
61137313,SAMUEL,ALARCÓN SALAZAR,4,0,0,0,5-Dec-2018,0,,,16
62591880,BRENDA,REYES HERNANDEZ,6,1,0,0,4-Dec-2018,1,,,16
62592943,PAULA,CARRASCO VEGA,11,1,0,0,2-Dec-2018,1,,,21
62770938,HERMINIO,GOMEZ ROA,15,0,0,0,2-Dec-2018,0,,,9
62780468,MARGARITA,ALVAREZ PEREZ,9,1,0,0,5-Dec-2018,0,,,16
63001960,ALEXANDER MIGUEL,TORREALBA ESCOBAR,17,0,0,0,5-Dec-2018,0,,,20
63241153,VICTOR MANUEL,RAMIREZ JARAMILLO,6,0,0,0,4-Dec-2018,0,,,10
63256742,ELENA,VALENCIA CABRERA,5,1,0,0,2-Dec-2018,0,,,14
63542116,IDANIS YANETH,FALCON FALCON,8,1,0,0,5-Dec-2018,0,,,9
63591027,JUAN,JIMENEZ JARAMILLO,4,0,0,0,2-Dec-2018,0,,,19
63693805,IRMA,MELLA ARELLANO,7,1,0,0,2-Dec-2018,0,,,10
63826618,ALBERTO,ZEA HENAO,16,0,0,0,1-Dec-2018,1,,,10
63917542,JHOSSELYN MAGDALENA,MORENO GUERRERO,8,1,0,0,1-Dec-2018,0,,,21
63990808,RAUL ANTONIO,BOLAÑO RODRIGUEZ,15,0,0,0,1-Dec-2018,1,,,22
64097635,CATALINA,ROJAS PEÑA,15,1,0,0,2-Dec-2018,0,0,,10
64114709,DIXIE JEUNESSE,LOPEZ SOTO,1,1,0,0,4-Dec-2018,1,,,19
64400844,JULIAN,HIGUITA JARAMILLO,4,0,0,0,3-Dec-2018,1,,,20
64460519,YASNA EVELYN,AGUAYO CHÁVEZ,11,1,0,0,3-Dec-2018,0,,,17
64594572,LEONARDO MANUEL,GUERRERO MIRANDA,13,0,0,0,2-Dec-2018,1,,,18
64736913,ANDREA,PINEDA PEDROZA,9,1,0,0,4-Dec-2018,0,,,21
64738420,SAVIER MIGUEL,LOPEZ RUBIO,16,0,0,0,5-Dec-2018,1,,,22
65194905,ALBER EDUARDO,VASQUEZ RIVERA,13,0,0,0,2-Dec-2018,1,,,16
65401467,JACOBO,GIRALDO ROA,0,0,0,0,1-Dec-2018,0,,,20
65508451,JENNY ISAURA,BRAVO SARCO,12,1,0,0,3-Dec-2018,0,,,22
65706195,LUISA,LOYOLA CORTÉZ,15,1,0,0,1-Dec-2018,0,0,,20
65965576,ANTONIO,TAMAYO JARAMILLO,7,0,0,0,2-Dec-2018,0,,,18
66309554,ANA MERCEDES,PEREZ COLMENAREZ,0,1,0,0,1-Dec-2018,0,,,11
66363757,NILDA,DE SANTIS,5,1,0,0,5-Dec-2018,0,,,16
66394029,GABRIEL,ORTIZ FUENTEALBA,12,0,0,0,2-Dec-2018,0,,,21
66394172,SERGIO ALEJANDRO,LAREZ SUAREZ,10,0,0,0,3-Dec-2018,0,,,15
66434753,KARLA,MORA SOUTULLO,8,1,0,0,3-Dec-2018,0,,,12
66537046,LUCERO,GUERRA JARAMILLO,4,1,0,0,2-Dec-2018,0,,,17
67279792,VIRGILIO ANTONIO,PADRON OBISPO,7,0,0,0,1-Dec-2018,1,,,9
67558461,MAGALY DEL PILAR,LOPEZ JARAMILLO,16,1,0,0,1-Dec-2018,0,0,,9
67705420,CELIA DEL TRANSITO,ROJAS JARAMILLO,0,1,0,0,5-Dec-2018,1,,,10
67752442,DEMESIO DEL TRÁNSITO,MARTINEZ ARAVENA,9,0,0,0,5-Dec-2018,0,,,18
67766380,CATHY,ROMERO BENAVENTE,17,1,0,0,5-Dec-2018,0,0,,22
67810403,SANTOS ALEJANDRO,AVILA FRIZ,2,0,0,0,3-Dec-2018,1,,,8
67889976,MANUEL,GIRANDO ROA,0,0,0,0,2-Dec-2018,0,,,21
68025777,MARÍA CRISTINA,FRANCO ROA,12,1,0,0,2-Dec-2018,0,,,18
68089032,JENNY ISAURA,CORONEL SILVA,2,1,0,0,4-Dec-2018,0,,,13
68505768,TERESA DEL CARMEN,ARISTIZABAL JARAMILLO,3,1,0,0,2-Dec-2018,0,,,13
68515822,YELITER THAIS,PEDROZA AGUILAR,7,0,0,0,5-Dec-2018,1,,,8
68615598,RONALD JOSE,BARRIOS VALBUENA,0,0,0,0,3-Dec-2018,1,,,19
68737714,MARCELA,GARCES JARAMILLO,15,1,0,0,4-Dec-2018,0,0,,21
68793667,JOSÉ LUIS,FIERRO MUÑOZ,11,0,0,0,4-Dec-2018,1,,,8
69111408,ESTEBAN,HERNANDEZ HENAO,4,0,0,0,4-Dec-2018,0,,,8
69219977,JUAN CARLOS,VILLAR CARIAGA,17,0,0,0,5-Dec-2018,0,,,19
69572128,IRMA ELIANA,PEREZ PEREZ,1,1,0,0,1-Dec-2018,0,,,12
69766822,ENRIQUE,MARIN CONCHA,14,0,0,0,3-Dec-2018,1,,,14
69871423,JERONIMO,MARÍN ROCHA,16,0,0,0,4-Dec-2018,1,,,17
70132027,EVELYN,PEÑA MENDOZA,9,1,0,0,1-Dec-2018,0,,,17
70173566,JUAN,JARAMILLO JARAMILLO,7,0,0,0,1-Dec-2018,1,,,11
70388875,FRANCISCO JOSE,BOCANEY BOCANEY,10,0,0,0,2-Dec-2018,0,,,16
70408620,GUSTAVO,GONZALEZ CONTRERAS,16,0,0,0,3-Dec-2018,0,,,8
70814270,YOSGLEIDYS JOSEFINA,ACOSTA OCHOA,4,1,0,0,1-Dec-2018,0,,,19
70935992,JOSE LUIS,PEREZ JARAMILLO,8,0,0,0,1-Dec-2018,0,,,22
71225511,YHONATAN EDUARDO,LIRA MORALES,4,0,0,0,3-Dec-2018,0,,,17
71307700,OSCAR,CIFUENTES ZEA,1,0,0,0,5-Dec-2018,0,,,18
71532270,ARMANDO LEOPOLDO,RUIZ JARAMILLO,0,0,0,0,5-Dec-2018,0,,,9
71643097,JOSE LUIS,TORREALBA NELO,5,0,0,0,2-Dec-2018,0,,,21
71789117,LUCILA,MARÍN ROCHA,5,1,0,0,4-Dec-2018,0,,,17
71957419,LUCERO,MARQUEZ HENAO,4,1,0,0,1-Dec-2018,1,,,21
72013797,ANA MARIA,PEDROZA AGUILAR,7,1,0,0,5-Dec-2018,0,,,8
72119458,EDINA,RECABAL SILVA,1,1,0,0,1-Dec-2018,0,,,18
72120491,STEPANIA,BETANCURT GONZÁLEZ,11,1,0,0,1-Dec-2018,1,,,8
72289518,BRENDA,SERNA JARAMILLO,2,1,0,0,3-Dec-2018,1,,,19
72404690,RAFAEL,CARO LOTO,4,0,0,0,3-Dec-2018,1,,,20
72443629,ELIANA CRISTINA,CORTEZ TOLEDO,2,1,0,0,5-Dec-2018,0,,,13
72612869,MARIANGEL THAIS,MONTENEGRO TORREALBA,11,1,0,0,4-Dec-2018,1,,,18
72719352,ANA LUISA,VASQUEZ RIVERA,6,1,0,0,2-Dec-2018,0,,,16
72734847,SANYEGLYN JOANJO,PEREZ DIAZ,1,1,0,0,3-Dec-2018,1,,,8
72798403,RENERIS DEL CARMEN,GARRIDO GONZÁLEZ,17,1,0,0,2-Dec-2018,1,0,,19
72915555,IRMA DEL CARMEN,MEDINA CISTERNAS,6,1,0,0,1-Dec-2018,1,,,8
73294863,CATHY,ROJAS ROMERO,9,1,0,0,1-Dec-2018,0,,,13
73470837,CARLOS,SALDARRIAGA JARAMILLO,15,0,0,0,3-Dec-2018,0,,,16
74282421,LUCILA,GRANDA ROA,5,1,0,0,3-Dec-2018,0,,,17
74556012,JUAN HONORINO,DÍAZ ORTIZ,14,0,0,0,4-Dec-2018,0,,,22
74579914,AYLIN MARIELA,BOCANEY BOCANEY,0,1,0,0,2-Dec-2018,0,,,16
74850593,VIRGINIA,AGUILERA RIVERA,11,1,0,0,2-Dec-2018,0,,,19
74928159,JOSÉ LUIS,LEAL LEAL,13,0,0,0,1-Dec-2018,0,,,14
75089475,RICHARD LEANDRO,SERNA JARAMILLO,1,0,0,0,3-Dec-2018,1,,,19
75366536,JUAN ASDRUBAL,GUEVARA CASTELLANOS,1,0,0,0,1-Dec-2018,1,,,11
75460290,EMMANUEL ALFREDO,LIRA MORALES,14,0,0,0,3-Dec-2018,0,,,17
75562600,MELISA,GRACÍA ROA,10,1,0,0,2-Dec-2018,0,,,16
75727452,ELISEO JOSE,SEPULVEDA LÓPEZ,15,0,0,0,5-Dec-2018,0,,,10
75804039,CAMILO,MENDEZ JARAMILLO,16,0,0,0,5-Dec-2018,0,,,13
75994194,BARBARA,QUINTERO ROCHE,6,1,0,0,2-Dec-2018,0,,,17
76053484,JUAN,ESPEJO VALENZUELA,9,0,0,0,1-Dec-2018,0,,,19
76274248,ROSA ELENA,CARMONA LOTO,12,1,0,0,4-Dec-2018,0,,,11
76430741,KARLA,GUTIERREZ CANALES,10,1,0,0,1-Dec-2018,0,,,18
76620568,MARIA ANDREANA,LERMO GUEVARA,12,1,0,0,2-Dec-2018,1,,,8
76749491,VICTORIA,AGUIRRE VIGNOLO,6,1,0,0,1-Dec-2018,0,,,11
76878833,NICOLAS,CANO LOTO,9,0,0,0,4-Dec-2018,0,,,11
77293367,MANUEL,CASTRILLÓN EMER,0,0,0,0,5-Dec-2018,0,,,9
77506317,MARIA IRMA,FLORES TERÁN,4,1,0,0,4-Dec-2018,1,,,18
77679429,WILECNIS IRALIS,GARCIA RIVAS,12,0,0,0,1-Dec-2018,0,,,13
77748765,MARÍA ISABEL,JARAMILLO JARAMILLO,8,1,0,0,1-Dec-2018,1,,,11
77877331,MAYELIN ANDREA,DIAZ ACOSTA,1,1,0,0,2-Dec-2018,1,,,14
78032494,IRMA DEL CARMEN,RIVAS AVELLO,7,1,0,0,2-Dec-2018,0,,,11
78374465,MARIA ANGELICA,FUENTEALBA VALLEJOS,4,1,0,0,4-Dec-2018,0,,,10
78447086,PABLO,BURGOS JARAMILLO,17,0,0,0,5-Dec-2018,0,,,17
78648673,YOSGLEIDYS JOSEFINA,BARRIOS VALBUENA,9,1,0,0,3-Dec-2018,1,,,19
78668489,PABLO,CASTRO EMER,16,0,0,0,2-Dec-2018,0,,,21
79133208,JESUS EDUARDO,PAEZ MASIAS,6,0,0,0,3-Dec-2018,1,,,15
79160715,PATRICIO SEGUNDO,BETANCUR GONZÁLEZ,17,0,0,0,4-Dec-2018,0,,,18
79302467,TAMMY,ALTAMIRANO PINTO,6,1,0,0,4-Dec-2018,0,,,17
79600177,JOSE GABRIEL,GUTIERREZ AULAR,2,0,0,0,5-Dec-2018,1,,,18
79691299,YENNY,ACEVEDO RODRIGUEZ,1,1,0,0,1-Dec-2018,1,,,14
80046794,PATRICIA UBERLINDA,CARRILLO CARRILLO,8,1,0,0,1-Dec-2018,1,,,20
80060743,MARIA ESTER,JIMENEZ JARAMILLO,14,1,0,0,2-Dec-2018,0,1,,19
80065326,MELINA,GUERRERO MIRANDA,13,1,0,0,2-Dec-2018,0,,,18
80111824,RAUL ANTONIO,DUQUE ESCULPI,11,0,0,0,2-Dec-2018,0,,,20
80354709,ALEXANDRA,VILLAR CARIAGA,10,1,0,0,5-Dec-2018,0,,,19
80389543,FRANCISCO,OSPINA HENAO,5,0,0,0,1-Dec-2018,0,,,16
80395028,ADRIANA,MORILLO ROMERO,8,1,0,0,3-Dec-2018,1,,,22
80610701,RENY ALEJANDRO,BRAVO SARCO,12,0,0,0,3-Dec-2018,0,,,22
80669208,MARIANA,HINCAPIE JARAMILLO,1,1,0,0,5-Dec-2018,0,,,19
80876995,PEDRO JOSE,GAUNA ROBERTIS,8,0,0,0,5-Dec-2018,1,,,13
80918748,SUSANA ANGELA,ALZATE CRUZ,1,1,0,0,5-Dec-2018,1,,,9
81072965,JORGE,LOPEZ JARAMILLO,13,0,0,0,1-Dec-2018,0,,,9
81152913,RYAN JOSE,ESCOBAR NATERA,14,0,0,0,4-Dec-2018,0,,,16
81173009,MOISES,CUEVAS ORELLANA,0,0,0,0,4-Dec-2018,1,,,21
81301504,GREGORI ALEXANDER,BEROES ROJAS,13,0,0,0,2-Dec-2018,1,,,15
81356857,RAFAEL ANGEL,RODRÍGUEZ HENAO,3,0,0,0,1-Dec-2018,1,,,12
81626716,CARLOS,SALGADO ORTIZ,12,0,0,0,2-Dec-2018,0,,,15
81724670,IRENE DEL CARMEN,RIVERA RETAMAL,7,1,0,0,5-Dec-2018,0,,,22
81743282,SERGIO,AVENDAÑO JARAMILLO,8,0,0,0,5-Dec-2018,1,,,9
81788897,KEILA YAMILETH,HIDALGO MARTÍNEZ,3,1,0,0,5-Dec-2018,0,,,10
81930685,LUISA,GOMEZ ROA,2,1,0,0,2-Dec-2018,1,,,9
81959624,KAREN,MOTA JARAMILLO,14,1,0,0,3-Dec-2018,0,0,,13
82037421,MANUELA,LINCURA BOGUEN,5,1,0,0,3-Dec-2018,0,,,21
82096023,JESSICA,OSORIO HENAO,9,1,0,0,3-Dec-2018,1,,,15
82237094,MIGUEL,CARRASCO VEGA,9,0,0,0,2-Dec-2018,0,,,21
82247414,ELIANA,PULGARIN HENAO,8,1,0,0,2-Dec-2018,1,,,13
82397853,JUAN,LAGOS OLIVA,16,0,0,0,4-Dec-2018,1,,,10
82425530,JUAN CARLOS CESAR,PEREZ DIAZ,0,0,0,0,3-Dec-2018,0,,,8
83015469,BERNARDA DEL CARMEN,SIERRA JARAMILLO,2,1,0,0,2-Dec-2018,0,,,14
83107260,PATRICIA,CASTILLO MOLINA,5,1,0,0,3-Dec-2018,1,,,16
83118292,NESTOR DANIEL,PUGA WILSON,14,0,0,0,1-Dec-2018,0,,,13
83255183,LEONARDO,GUTIERREZ JARAMILLO,15,0,0,0,3-Dec-2018,0,,,12
83257469,LUIS ANGEL,SAEZ CARRASCO,6,0,0,0,2-Dec-2018,0,,,11
83398616,SANTOS ALEJANDRO,AGUILERA RIVERA,8,0,0,0,2-Dec-2018,0,,,19
83516511,CHRISTIAN LENIN,VOLCAN FLORES,9,0,0,0,1-Dec-2018,1,,,18
83620218,TANIA ANGELICA,ALARCÓN VALDEBENITO,10,1,0,0,1-Dec-2018,0,,,17
83661708,LUIS,GRACÍA ROA,11,0,0,0,2-Dec-2018,0,,,16
83689910,JOSÉ MARIA,LARA RIOS,6,0,0,0,5-Dec-2018,0,,,13
83827757,ROGUERS ALBERTO,BUSTOS RIFFO,13,0,0,0,1-Dec-2018,0,,,10
83892614,CARMEN,SAEZ CARRASCO,11,1,0,0,2-Dec-2018,1,,,11
83910554,JAVIER,GARCES JARAMILLO,17,0,0,0,4-Dec-2018,0,,,21
84257447,SANTIAGO,AGUIRRE VIGNOLO,10,0,0,0,1-Dec-2018,0,,,11
84310477,RAQUEL,CARMONA LOTO,1,1,0,0,4-Dec-2018,1,,,11
84520554,DIXIE JEUNESSE,NELO PEREZ,3,1,0,0,5-Dec-2018,0,,,17
84729160,YHONATAN EDUARDO,GARCIA ANTEQUERA,12,0,0,0,5-Dec-2018,1,,,13
84891384,SERGIO ALEJANDRO,PEREZ COLMENAREZ,16,0,0,0,1-Dec-2018,0,,,11
85051423,RAFAEL GUSTAVO,ROJAS PEÑA,8,0,0,0,2-Dec-2018,1,,,10
85090250,JOSE JAVIER,URIBE JARAMILLO,3,0,0,0,1-Dec-2018,0,,,22
85140127,HILDA ESTER,MERIZALDE JARAMILLO,10,1,0,0,2-Dec-2018,0,,,12
85277160,LINA,GUERRERO LEAL,3,1,0,0,4-Dec-2018,0,,,16
85450181,JUAN,LARA RIOS,78,0,0,3242408,5-Dec-2018,0,,,13
85516929,RAFAEL GUSTAVO,ROCHA SAEZ,74,0,0,3309195,1-Dec-2018,0,,,21
86086332,HONORINA,MENDEZ JARAMILLO,73,1,0,13635366,5-Dec-2018,0,,,13
86260777,RAMÓN SEGUNDO,ARANGO NAVAS,62,0,0,3944027,1-Dec-2018,0,,,14
86337716,JHOSSELYN MAGDALENA,TOVAR ROMERO,69,1,0,574019,5-Dec-2018,0,,,15
86403913,JEAN CARLOS JOSE,RODRIGUEZ ADAMES,87,0,0,8482638,1-Dec-2018,1,,,18
86615563,ELIO RAMON,LINARES RANGEL,75,0,0,2356234,2-Dec-2018,0,,,22
86726399,FLILOMENA DEL CARMEN,PARDO PEREZ,76,1,0,1443947,5-Dec-2018,0,,,13
86992450,SEGUNDO,ARRATIA RIVAS,81,0,0,2076689,1-Dec-2018,0,,,13
87392853,TOMAS,BARRIOS VALBUENA,60,0,43000,13769995,3-Dec-2018,0,,1,19
87425904,FELIPE,GUTIERREZ NAVARRO,75,0,0,2734295,3-Dec-2018,0,,,21
87514402,SUSANA,ANCATRIO CRUZ,89,1,0,5376684,4-Dec-2018,0,,,22
87572685,ISMEIRIU YOHAIL,ESCOBAR RODRÍGUEZ,77,1,0,4582375,2-Dec-2018,0,,,20
87584077,ALICIA,OJEDA CASTILLO,80,1,0,5102705,1-Dec-2018,0,,,17
88074590,RAMON ALEXANDER,MARQUEZ RODRIGUEZ,90,0,0,12269702,2-Dec-2018,0,,,15
88255094,MARITZA,HERNANDEZ LÓPEZ,93,1,0,1032973,3-Dec-2018,0,,,10
88385994,DANYELIS KAROLINA,LAREZ SUAREZ,87,1,0,1101929,3-Dec-2018,0,,,15
88458734,LUIS ANGEL,PRADO LLOVERA,69,0,0,8651269,2-Dec-2018,0,,,14
88616454,DAYANA VIRGINIA,PAIVA PAEZ,86,1,0,12894941,3-Dec-2018,0,,,19
88662246,AMALIA,VERGARA JARAMILLO,68,1,0,8656824,3-Dec-2018,0,,,9
88717908,ALEJANDRA DEL CARMEN,ZAPATA ECHEVERRI,78,1,0,5793577,3-Dec-2018,0,,,19
88925387,MÓNICA DEL CARMEN,CUEVAS FLORES,73,1,0,2839660,5-Dec-2018,0,,,15
88951344,SONIA INÉS,BIAVA GONZÁLEZ,82,1,0,6348654,5-Dec-2018,1,,,18
88953840,GABRIEL,GUERRERO JARAMILLO,70,0,0,667334,5-Dec-2018,0,,,8
89081733,EUDIS ALBERTO,ESPINOZA BALZA,60,0,15000,3028582,3-Dec-2018,0,,1,20
89228626,MARITZA,HERMOSILLA CONTRERAS,68,1,0,4362215,5-Dec-2018,0,,,18
89268461,IRMA DEL CARMEN,POSADA HENAO,80,1,0,14864463,4-Dec-2018,1,,,17
89350530,NORMA,CUEVAS ORELLANA,76,1,0,1204036,4-Dec-2018,0,,,21
89356512,FRESIA DEL CARMEN,SANCHEZ JARAMILLO,66,1,0,6240226,4-Dec-2018,0,,,11
89525488,JOSÉ,FONSECA ROA,66,0,0,11000751,5-Dec-2018,0,,,13
89711595,GLORIA,OLIVARES JEREZ,61,1,0,3178793,5-Dec-2018,0,,,13
89928049,WRALLAM ANTONY,MORENO GUERRERO,72,0,0,10823440,1-Dec-2018,0,,,21
90059807,JULIAN,DIAZ JARAMILLO,93,0,0,14409936,5-Dec-2018,0,,,9
90067649,SANYEGLYN JOANJO,MONTENEGRO DIEZ,61,1,0,13518037,4-Dec-2018,0,,,20
90074940,ISABEL,MATAMALA ESCOBAR,71,1,0,4791104,5-Dec-2018,0,,,20
90316990,JOSE ANTONIO,URIBE JARAMILLO,74,0,0,789807,1-Dec-2018,0,,,22
90531868,DIANA,RICO JARAMILLO,83,1,0,8800752,4-Dec-2018,0,,,9
91223018,YEISER GABRIEL,GUERRA BARRETO,61,0,0,3421498,4-Dec-2018,0,,,17
91459802,JUAN,ENCINA BELLO,66,0,0,11224405,4-Dec-2018,0,,,19
91520316,MARIAN DE JESÚS,CORREA GARCIA,74,1,0,3974493,3-Dec-2018,1,,,21
91968520,EMA DEL CARMEN,POSADA HENAO,79,1,0,11530116,4-Dec-2018,0,,,17
92081578,ESTEFANIA,VIDAL MALAVE,76,1,0,13891966,3-Dec-2018,0,,,8
92205779,RAFAEL ANTONIO,PALACIO HENAO,70,0,0,10588790,3-Dec-2018,0,,,10
92251660,JOSÉ,LEMUS HENAO,83,0,0,12787028,3-Dec-2018,0,,,11
92304534,MARCELA ELIZABETH,LEMOS HENAO,82,1,0,12288899,5-Dec-2018,0,,,13
92339725,ADRIANA CAROLINA,GARCIA RIVAS,70,1,0,984720,1-Dec-2018,0,,,13
92669235,CAROLINA,RUIZ CUEVAS,71,1,0,13361256,1-Dec-2018,1,,,17
92828455,MARIA ANDREANA,GUEVARA CASTELLANOS,72,1,0,9782216,1-Dec-2018,0,,,11
93003985,ROBERTO,CACERES MONSALVE,83,0,0,9555583,1-Dec-2018,1,,,10
93216650,JEFFERSON JOSE,JIMENEZ GUERRERO,93,0,0,9931422,2-Dec-2018,1,,,20
93379130,KARINA,MORALES NAVARRETE,79,1,0,3845758,4-Dec-2018,1,,,19
93676374,NESTOR DANIEL,SOLARTE ANTUNEZ,64,0,0,598194,5-Dec-2018,0,,,20
93696688,MONICA,GIRANDO ROA,77,1,0,11345887,2-Dec-2018,0,,,21
93708825,ALEJANDRA,MUJICA VALERA,61,1,0,5455794,4-Dec-2018,0,,,13
93723262,KEIMILI KARLENYS,CHIRINOS APONTE,88,1,0,4703925,3-Dec-2018,0,,,14
93773626,RICARDO NICOLAS JOSE,RESTREPO JARAMILLO,73,0,0,13338968,2-Dec-2018,0,,,12
93812080,SANTIAGO,BERMUDEZ GONZÁLEZ,81,0,0,12364404,2-Dec-2018,0,,,10
93943733,CAROLINA DANIELA,AVENDAÑO JARAMILLO,82,1,0,5403188,5-Dec-2018,1,,,9
93954924,LUIS EDUARDO,GAMARRA ORTEGA,70,0,0,8685279,5-Dec-2018,0,,,17
94123040,RICARDO NICOLAS JOSE,RUIZ ROA,81,0,0,1821821,3-Dec-2018,0,,,19
94178920,ANA,PADRON OBISPO,64,1,0,9987173,1-Dec-2018,0,,,9
94263096,MIGUEL ANGEL,VALLEJO HENAO,79,0,0,10226193,2-Dec-2018,1,,,17
94327834,EIDER JOSE,GALLARDO MEDINA,65,0,0,1448776,3-Dec-2018,0,,,18
94406622,JUAN,FAUNDEZ BAEZA,69,0,0,2751648,2-Dec-2018,0,,,21
94543204,MAURICIO,DIEZ ROA,61,0,0,10870777,4-Dec-2018,0,,,15
94569112,JUAN,FERNANDEZ MARTINEZ,78,0,0,12773781,3-Dec-2018,0,,,21
94665393,JULIÁN,CUEVAS ORELLANA,75,0,0,2554932,4-Dec-2018,0,,,21
94842433,ROSALBA MABEL,MOLINA MESA,83,1,0,5812973,4-Dec-2018,0,,,10
95063354,JULIO,HERMOSILLA CONTRERAS,79,0,0,13247709,5-Dec-2018,0,,,18
95617808,SARA,ASCENCIO VERA,77,1,0,3775437,1-Dec-2018,0,,,14
95670634,JOSE ANTONIO,LOPEZ SOTO,82,0,0,4171132,4-Dec-2018,0,,,19
95720157,VICTORIA,ARAVENA HERNANDEZ,74,1,0,7733229,5-Dec-2018,0,,,20
95752768,ERBER ERIX,DIAZ FRANCHIOLLA,68,0,0,11189636,1-Dec-2018,0,,,15
95772569,AMALIA,VILALOBOS VILLALOBOS,94,1,0,8272789,4-Dec-2018,0,,,14
95946966,JEAN CARLOS JOSE,RODRIGUEZ HENAO,79,0,0,1846404,2-Dec-2018,0,,,22
96022830,ESTEFANIA,PEREZ JARAMILLO,81,1,0,11449908,1-Dec-2018,0,,,22
96067282,SANDRA,BETANCUR GONZÁLEZ,66,1,0,4344767,4-Dec-2018,0,,,18
96367719,MARTA,GUTIERREZ JARAMILLO,95,1,0,3325184,3-Dec-2018,0,,,12
96428755,ISABELLA,PAZ ZAMBRANO,93,1,0,9470980,5-Dec-2018,0,,,15
96712435,ISOLINA SOFIA,MARTINEZ ARAVENA,63,1,0,9348979,5-Dec-2018,0,,,18
96752168,GONZALO,MUÑOZ MOLINA,80,0,0,5289276,5-Dec-2018,0,,,21
96755983,AYLIN MARIELA,CASTILLO JARAMILLO,84,1,0,4926435,1-Dec-2018,0,,,20
97113251,CAMILA,SANTIBAÑEZ FIGUEROA,82,1,0,7725072,3-Dec-2018,0,,,9
97163713,GRACIELA,SALDARRIAGA JARAMILLO,91,1,0,1928125,3-Dec-2018,0,,,16
97208326,LISA,MARQUEZ HENAO,94,1,0,1601504,1-Dec-2018,0,,,21
97359410,ERBER ERIX,BOCANEY BOCANEY,70,0,0,10026252,2-Dec-2018,0,,,16
97619519,LINA,MOLINA HENAO,86,1,0,522868,1-Dec-2018,0,,,15
97631423,DAVID,RIVERA RETAMAL,71,0,0,9520107,5-Dec-2018,0,,,22
97669254,FLOR MARINA,PALACIO HENAO,95,1,0,12217218,3-Dec-2018,0,,,10
97889321,CELIA DEL TRANSITO,RUIZ ZAMBRANO,70,1,0,3672148,2-Dec-2018,1,,,20
97949537,JORGE LUIS,FIGUEROA PÉREZ,83,0,0,6150120,5-Dec-2018,0,,,8
98001449,YEISER GABRIEL,NELO PEREZ,78,0,0,14372212,5-Dec-2018,1,,,17
98105131,ISABEL ZUNILDA,PELÁEZ JARAMILLO,70,1,0,8079767,1-Dec-2018,1,,,22
98295459,CECILIA,ROMÁN RAMOS,64,1,0,11196200,1-Dec-2018,0,,,18
98311195,RYCKARD MALQUIEL,PULGARIN HENAO,82,0,0,6471306,2-Dec-2018,0,,,13
98645981,DINARA,RESTREPO JARAMILLO,73,1,0,936793,2-Dec-2018,0,,,12
98670299,MANUEL ALEXI,SILVA GUILLEN,95,0,0,1373738,2-Dec-2018,0,,,15
98670633,ANAIS CAROLINA,OROPEZA MACHADO,74,1,0,5337212,4-Dec-2018,0,,,11
98784269,DAYANA VIRGINIA,MEJIAS ACOSTA,64,1,0,12251826,1-Dec-2018,0,,,22
98863209,DALIA,SANCHEZ ULACIO,85,1,0,5575214,3-Dec-2018,0,,,18