dp,dpnom,dpmp,mpio,2018
05,Antioquia,05001,Medellín,2529403
05,Antioquia,05002,Abejorral,18991
05,Antioquia,05004,Abriaquí,1971
05,Antioquia,05021,Alejandría,3361
05,Antioquia,05030,Amagá,30181
05,Antioquia,05031,Amalfi,22567
05,Antioquia,05034,Andes,47003
05,Antioquia,05036,Angelópolis,9353
05,Antioquia,05038,Angostura,11040
05,Antioquia,05040,Anorí,17737
05,Antioquia,05042,Santafé de Antioquia,25067
05,Antioquia,05044,Anza,7601
05,Antioquia,05045,Apartadó,195068
05,Antioquia,05051,Arboletes,43416
05,Antioquia,05055,Argelia,8306
05,Antioquia,05059,Armenia,3945
05,Antioquia,05079,Barbosa,52395
05,Antioquia,05086,Belmira,6930
05,Antioquia,05088,Bello,482287
05,Antioquia,05091,Betania,8976
05,Antioquia,05093,Betulia,17726
05,Antioquia,05101,Ciudad Bolívar,26698
05,Antioquia,05107,Briceño,8673
05,Antioquia,05113,Buriticá,6495
05,Antioquia,05120,Cáceres,41012
05,Antioquia,05125,Caicedo,8396
05,Antioquia,05129,Caldas,80528
05,Antioquia,05134,Campamento,8915
05,Antioquia,05138,Cañasgordas,16737
05,Antioquia,05142,Caracolí,4519
05,Antioquia,05145,Caramanta,5308
05,Antioquia,05147,Carepa,60141
05,Antioquia,05148,El Carmen de Viboral,48498
05,Antioquia,05150,Carolina,3512
05,Antioquia,05154,Caucasia,120479
05,Antioquia,05172,Chigorodó,82151
05,Antioquia,05190,Cisneros,8869
05,Antioquia,05197,Cocorná,14924
05,Antioquia,05206,Concepción,3194
05,Antioquia,05209,Concordia,20371
05,Antioquia,05212,Copacabana,72735
05,Antioquia,05234,Dabeiba,23068
05,Antioquia,05237,Don Matías,23709
05,Antioquia,05240,Ebéjico,12489
05,Antioquia,05250,El Bagre,50557
05,Antioquia,05264,Entrerrios,10404
05,Antioquia,05266,Envigado,238221
05,Antioquia,05282,Fredonia,21142
05,Antioquia,05284,Frontino,15703
05,Antioquia,05306,Giraldo,3977
05,Antioquia,05308,Girardota,58030
05,Antioquia,05310,Gómez Plata,13266
05,Antioquia,05313,Granada,9881
05,Antioquia,05315,Guadalupe,6318
05,Antioquia,05318,Guarne,50401
05,Antioquia,05321,Guatapé,5097
05,Antioquia,05347,Heliconia,5690
05,Antioquia,05353,Hispania,4885
05,Antioquia,05360,Itagui,276916
05,Antioquia,05361,Ituango,19919
05,Antioquia,05364,Jardín,13516
05,Antioquia,05368,Jericó,11852
05,Antioquia,05376,La Ceja,54615
05,Antioquia,05380,La Estrella,65300
05,Antioquia,05390,La Pintada,6402
05,Antioquia,05400,La Unión,19413
05,Antioquia,05411,Liborina,9572
05,Antioquia,05425,Maceo,6611
05,Antioquia,05440,Marinilla,55798
05,Antioquia,05467,Montebello,5825
05,Antioquia,05475,Murindó,4891
05,Antioquia,05480,Mutatá,22028
05,Antioquia,05483,Nariño,17891
05,Antioquia,05490,Necoclí,67359
05,Antioquia,05495,Nechí,28585
05,Antioquia,05501,Olaya,3341
05,Antioquia,05541,Peñol,15746
05,Antioquia,05543,Peque,11321
05,Antioquia,05576,Pueblorrico,6675
05,Antioquia,05579,Puerto Berrío,49392
05,Antioquia,05585,Puerto Nare,19209
05,Antioquia,05591,Puerto Triunfo,21317
05,Antioquia,05604,Remedios,31333
05,Antioquia,05607,Retiro,19702
05,Antioquia,05615,Rionegro,126193
05,Antioquia,05628,Sabanalarga,8191
05,Antioquia,05631,Sabaneta,53914
05,Antioquia,05642,Salgar,17397
05,Antioquia,05647,San Andrés de Cuerquía,5917
05,Antioquia,05649,San Carlos,16132
05,Antioquia,05652,San Francisco,5021
05,Antioquia,05656,San Jerónimo,12890
05,Antioquia,05658,San José de La Montaña,3436
05,Antioquia,05659,San Juan de Urabá,26646
05,Antioquia,05660,San Luis,10926
05,Antioquia,05664,San Pedro,27978
05,Antioquia,05665,San Pedro de Uraba,32063
05,Antioquia,05667,San Rafael,12819
05,Antioquia,05670,San Roque,16366
05,Antioquia,05674,San Vicente,16509
05,Antioquia,05679,Santa Bárbara,21591
05,Antioquia,05686,Santa Rosa de Osos,36991
05,Antioquia,05690,Santo Domingo,10049
05,Antioquia,05697,El Santuario,27273
05,Antioquia,05736,Segovia,41711
05,Antioquia,05756,Sonson,34339
05,Antioquia,05761,Sopetrán,15057
05,Antioquia,05789,Támesis,14224
05,Antioquia,05790,Tarazá,46343
05,Antioquia,05792,Tarso,8051
05,Antioquia,05809,Titiribí,14691
05,Antioquia,05819,Toledo,6651
05,Antioquia,05837,Turbo,172314
05,Antioquia,05842,Uramita,8212
05,Antioquia,05847,Urrao,46508
05,Antioquia,05854,Valdivia,23931
05,Antioquia,05856,Valparaíso,6102
05,Antioquia,05858,Vegachí,8949
05,Antioquia,05861,Venecia,13184
05,Antioquia,05873,Vigía del Fuerte,5610
05,Antioquia,05885,Yalí,8577
05,Antioquia,05887,Yarumal,48556
05,Antioquia,05890,Yolombó,25231
05,Antioquia,05893,Yondó,19757
05,Antioquia,05895,Zaragoza,31884
08,Atlántico,08001,Barranquilla,1232462
08,Atlántico,08078,Baranoa,59551
08,Atlántico,08137,Campo de La Cruz,15206
08,Atlántico,08141,Candelaria,12554
08,Atlántico,08296,Galapa,46314
08,Atlántico,08372,Juan de Acosta,17487
08,Atlántico,08421,Luruaco,27909
08,Atlántico,08433,Malambo,127202
08,Atlántico,08436,Manatí,16294
08,Atlántico,08520,Palmar de Varela,25762
08,Atlántico,08549,Piojó,5169
08,Atlántico,08558,Polonuevo,15652
08,Atlántico,08560,Ponedera,23243
08,Atlántico,08573,Puerto Colombia,26741
08,Atlántico,08606,Repelón,27109
08,Atlántico,08634,Sabanagrande,33694
08,Atlántico,08638,Sabanalarga,101339
08,Atlántico,08675,Santa Lucía,11296
08,Atlántico,08685,Santo Tomás,25677
08,Atlántico,08758,Soledad,666247
08,Atlántico,08770,Suan,8470
08,Atlántico,08832,Tubará,11017
08,Atlántico,08849,Usiacurí,9529
11,"Bogotá, D.C.",11001,"Bogotá, D.C.",8181047
13,Bolívar,13001,Cartagena,1036134
13,Bolívar,13006,Achí,24259
13,Bolívar,13030,Altos del Rosario,14485
13,Bolívar,13042,Arenal,20177
13,Bolívar,13052,Arjona,76676
13,Bolívar,13062,Arroyohondo,10305
13,Bolívar,13074,Barranco de Loba,18757
13,Bolívar,13140,Calamar,24246
13,Bolívar,13160,Cantagallo,9718
13,Bolívar,13188,Cicuco,11138
13,Bolívar,13212,Córdoba,12317
13,Bolívar,13222,Clemencia,12857
13,Bolívar,13244,El Carmen de Bolívar,77840
13,Bolívar,13248,El Guamo,7769
13,Bolívar,13268,El Peñón,10112
13,Bolívar,13300,Hatillo de Loba,12200
13,Bolívar,13430,Magangué,123955
13,Bolívar,13433,Mahates,26802
13,Bolívar,13440,Margarita,10151
13,Bolívar,13442,María La Baja,49138
13,Bolívar,13458,Montecristo,22780
13,Bolívar,13468,Mompós,45104
13,Bolívar,13473,Morales,22160
13,Bolívar,13490,Norosí (1),5119
13,Bolívar,13549,Pinillos,25705
13,Bolívar,13580,Regidor,11090
13,Bolívar,13600,Río Viejo (1)(3),18976
13,Bolívar,13620,San Cristóbal,6722
13,Bolívar,13647,San Estanislao,16573
13,Bolívar,13650,San Fernando,14037
13,Bolívar,13654,San Jacinto,21635
13,Bolívar,13655,San Jacinto del Cauca,14349
13,Bolívar,13657,San Juan Nepomuceno,33885
13,Bolívar,13667,San Martín de Loba,18483
13,Bolívar,13670,San Pablo,35559
13,Bolívar,13673,Santa Catalina,13553
13,Bolívar,13683,Santa Rosa,24158
13,Bolívar,13688,Santa Rosa del Sur,44980
13,Bolívar,13744,Simití,21250
13,Bolívar,13760,Soplaviento,8498
13,Bolívar,13780,Talaigua Nuevo,11445
13,Bolívar,13810,Tiquisio,23385
13,Bolívar,13836,Turbaco,75208
13,Bolívar,13838,Turbaná,15353
13,Bolívar,13873,Villanueva,20393
13,Bolívar,13894,Zambrano,11844
15,Boyacá,15001,Tunja,199221
15,Boyacá,15022,Almeida,1601
15,Boyacá,15047,Aquitania,14675
15,Boyacá,15051,Arcabuco,5247
15,Boyacá,15087,Belén,6966
15,Boyacá,15090,Berbeo,1939
15,Boyacá,15092,Betéitiva,1933
15,Boyacá,15097,Boavita,6608
15,Boyacá,15104,Boyacá,4297
15,Boyacá,15106,Briceño,2530
15,Boyacá,15109,Buenavista,5751
15,Boyacá,15114,Busbanzá,1251
15,Boyacá,15131,Caldas,3511
15,Boyacá,15135,Campohermoso,3767
15,Boyacá,15162,Cerinza,3601
15,Boyacá,15172,Chinavita,3437
15,Boyacá,15176,Chiquinquirá,68126
15,Boyacá,15180,Chiscas,3999
15,Boyacá,15183,Chita,9171
15,Boyacá,15185,Chitaraque,5403
15,Boyacá,15187,Chivatá,6579
15,Boyacá,15189,Ciénega,4565
15,Boyacá,15204,Cómbita,15174
15,Boyacá,15212,Coper,3511
15,Boyacá,15215,Corrales,2207
15,Boyacá,15218,Covarachía,2741
15,Boyacá,15223,Cubará,6739
15,Boyacá,15224,Cucaita,4691
15,Boyacá,15226,Cuítiva,1862
15,Boyacá,15232,Chíquiza,5313
15,Boyacá,15236,Chivor,1668
15,Boyacá,15238,Duitama,113954
15,Boyacá,15244,El Cocuy,5122
15,Boyacá,15248,El Espino,4221
15,Boyacá,15272,Firavitoba,5774
15,Boyacá,15276,Floresta,4383
15,Boyacá,15293,Gachantivá,2532
15,Boyacá,15296,Gameza,4622
15,Boyacá,15299,Garagoa,17033
15,Boyacá,15317,Guacamayas,1574
15,Boyacá,15322,Guateque,9411
15,Boyacá,15325,Guayatá,4779
15,Boyacá,15332,Güicán,6609
15,Boyacá,15362,Iza,2412
15,Boyacá,15367,Jenesano,7693
15,Boyacá,15368,Jericó,3814
15,Boyacá,15377,Labranzagrande,5002
15,Boyacá,15380,La Capilla,2404
15,Boyacá,15401,La Victoria,1673
15,Boyacá,15403,La Uvita,2259
15,Boyacá,15407,Villa de Leyva,18050
15,Boyacá,15425,Macanal,4838
15,Boyacá,15442,Maripí,7335
15,Boyacá,15455,Miraflores,9785
15,Boyacá,15464,Mongua,4547
15,Boyacá,15466,Monguí,4983
15,Boyacá,15469,Moniquirá,21242
15,Boyacá,15476,Motavita,8470
15,Boyacá,15480,Muzo,8668
15,Boyacá,15491,Nobsa,16526
15,Boyacá,15494,Nuevo Colón,6680
15,Boyacá,15500,Oicatá,2836
15,Boyacá,15507,Otanche,10689
15,Boyacá,15511,Pachavita,2344
15,Boyacá,15514,Páez,2792
15,Boyacá,15516,Paipa,31582
15,Boyacá,15518,Pajarito,1545
15,Boyacá,15522,Panqueba,1393
15,Boyacá,15531,Pauna,10820
15,Boyacá,15533,Paya,2509
15,Boyacá,15537,Paz de Río,4503
15,Boyacá,15542,Pesca,7543
15,Boyacá,15550,Pisba,1287
15,Boyacá,15572,Puerto Boyacá,56517
15,Boyacá,15580,Quípama,7579
15,Boyacá,15599,Ramiriquí,9763
15,Boyacá,15600,Ráquira,13907
15,Boyacá,15621,Rondón,2767
15,Boyacá,15632,Saboyá,12183
15,Boyacá,15638,Sáchica,3758
15,Boyacá,15646,Samacá,20546
15,Boyacá,15660,San Eduardo,1853
15,Boyacá,15664,San José de Pare,5025
15,Boyacá,15667,San Luis de Gaceno,4774
15,Boyacá,15673,San Mateo,3392
15,Boyacá,15676,San Miguel de Sema,4531
15,Boyacá,15681,San Pablo de Borbur,10382
15,Boyacá,15686,Santana,7628
15,Boyacá,15690,Santa María,3796
15,Boyacá,15693,Santa Rosa de Viterbo,13405
15,Boyacá,15696,Santa Sofía,2585
15,Boyacá,15720,Sativanorte,2215
15,Boyacá,15723,Sativasur,1038
15,Boyacá,15740,Siachoque,8972
15,Boyacá,15753,Soatá,6713
15,Boyacá,15755,Socotá,7549
15,Boyacá,15757,Socha,6973
15,Boyacá,15759,Sogamoso,111799
15,Boyacá,15761,Somondoco,3411
15,Boyacá,15762,Sora,3029
15,Boyacá,15763,Sotaquirá,7340
15,Boyacá,15764,Soracá,5167
15,Boyacá,15774,Susacón,2912
15,Boyacá,15776,Sutamarchán,5833
15,Boyacá,15778,Sutatenza,3939
15,Boyacá,15790,Tasco,6175
15,Boyacá,15798,Tenza,3950
15,Boyacá,15804,Tibaná,9023
15,Boyacá,15806,Tibasosa,14470
15,Boyacá,15808,Tinjacá,3044
15,Boyacá,15810,Tipacoque,3041
15,Boyacá,15814,Toca,10007
15,Boyacá,15816,Togüí,4857
15,Boyacá,15820,Tópaga,3692
15,Boyacá,15822,Tota,5267
15,Boyacá,15832,Tununguá,1913
15,Boyacá,15835,Turmequé,5787
15,Boyacá,15837,Tuta,9856
15,Boyacá,15839,Tutazá,1792
15,Boyacá,15842,Umbita,10337
15,Boyacá,15861,Ventaquemada,15729
15,Boyacá,15879,Viracachá,3146
15,Boyacá,15897,Zetaquira,4374
17,Caldas,17001,Manizales,400136
17,Caldas,17013,Aguadas,21439
17,Caldas,17042,Anserma,33397
17,Caldas,17050,Aranzazu,11026
17,Caldas,17088,Belalcázar,10559
17,Caldas,17174,Chinchiná,50880
17,Caldas,17272,Filadelfia,10548
17,Caldas,17380,La Dorada,78135
17,Caldas,17388,La Merced,5172
17,Caldas,17433,Manzanares,22781
17,Caldas,17442,Marmato,9290
17,Caldas,17444,Marquetalia,15010
17,Caldas,17446,Marulanda,3382
17,Caldas,17486,Neira,31180
17,Caldas,17495,Norcasia,6228
17,Caldas,17513,Pácora,11130
17,Caldas,17524,Palestina,17639
17,Caldas,17541,Pensilvania,26344
17,Caldas,17614,Riosucio,63822
17,Caldas,17616,Risaralda,9254
17,Caldas,17653,Salamina,15697
17,Caldas,17662,Samaná,25794
17,Caldas,17665,San José,7603
17,Caldas,17777,Supía,27300
17,Caldas,17867,Victoria,8124
17,Caldas,17873,Villamaría,59598
17,Caldas,17877,Viterbo,12398
18,Caquetá,18001,Florencia,181493
18,Caquetá,18029,Albania,6434
18,Caquetá,18094,Belén de Los Andaquies,11721
18,Caquetá,18150,Cartagena del Chairá,34953
18,Caquetá,18205,Curillo,11829
18,Caquetá,18247,El Doncello,22267
18,Caquetá,18256,El Paujil,21148
18,Caquetá,18410,La Montañita,24140
18,Caquetá,18460,Milán,11829
18,Caquetá,18479,Morelia,3892
18,Caquetá,18592,Puerto Rico,33623
18,Caquetá,18610,San José del Fragua,15223
18,Caquetá,18753,San Vicente del Caguán,71704
18,Caquetá,18756,Solano,25074
18,Caquetá,18785,Solita,9139
18,Caquetá,18860,Valparaíso,11772
19,Cauca,19001,Popayán,284737
19,Cauca,19022,Almaguer,21351
19,Cauca,19050,Argelia,27454
19,Cauca,19075,Balboa,26210
19,Cauca,19100,Bolívar,44836
19,Cauca,19110,Buenos Aires,34037
19,Cauca,19130,Cajibío,38428
19,Cauca,19137,Caldono,33910
19,Cauca,19142,Caloto(1)(3),17736
19,Cauca,19212,Corinto,33107
19,Cauca,19256,El Tambo,47958
19,Cauca,19290,Florencia,6175
19,Cauca,19300,Guachené (1) ,19920
19,Cauca,19318,Guapi,29931
19,Cauca,19355,Inzá,32150
19,Cauca,19364,Jambaló,18663
19,Cauca,19392,La Sierra,10576
19,Cauca,19397,La Vega,47007
19,Cauca,19418,López,20721
19,Cauca,19450,Mercaderes,18198
19,Cauca,19455,Miranda,41925
19,Cauca,19473,Morales,26535
19,Cauca,19513,Padilla,7744
19,Cauca,19517,Paez,36254
19,Cauca,19532,Patía,37209
19,Cauca,19533,Piamonte,7437
19,Cauca,19548,Piendamó,45355
19,Cauca,19573,Puerto Tejada,46088
19,Cauca,19585,Puracé,15275
19,Cauca,19622,Rosas,13542
19,Cauca,19693,San Sebastián,14314
19,Cauca,19698,Santander de Quilichao,97965
19,Cauca,19701,Santa Rosa,10780
19,Cauca,19743,Silvia,32588
19,Cauca,19760,Sotara,17416
19,Cauca,19780,Suárez,18485
19,Cauca,19785,Sucre,8880
19,Cauca,19807,Timbío,35160
19,Cauca,19809,Timbiquí,21969
19,Cauca,19821,Toribio,30110
19,Cauca,19824,Totoró,21016
19,Cauca,19845,Villa Rica,16781
20,Cesar,20001,Valledupar,483286
20,Cesar,20011,Aguachica,95782
20,Cesar,20013,Agustín Codazzi,49654
20,Cesar,20032,Astrea,19348
20,Cesar,20045,Becerril,13261
20,Cesar,20060,Bosconia,39100
20,Cesar,20175,Chimichagua,30404
20,Cesar,20178,Chiriguaná,18852
20,Cesar,20228,Curumaní,23360
20,Cesar,20238,El Copey,26803
20,Cesar,20250,El Paso,23361
20,Cesar,20295,Gamarra,17278
20,Cesar,20310,González,6398
20,Cesar,20383,La Gloria,12405
20,Cesar,20400,La Jagua de Ibirico,22372
20,Cesar,20443,Manaure,15557
20,Cesar,20517,Pailitas,17462
20,Cesar,20550,Pelaya,18243
20,Cesar,20570,Pueblo Bello,23985
20,Cesar,20614,Río de Oro,13897
20,Cesar,20621,La Paz,22977
20,Cesar,20710,San Alberto,26080
20,Cesar,20750,San Diego,13208
20,Cesar,20770,San Martín,18846
20,Cesar,20787,Tamalameque,13754
23,Córdoba,23001,Montería,460082
23,Córdoba,23068,Ayapel,54144
23,Córdoba,23079,Buenavista,22459
23,Córdoba,23090,Canalete,23028
23,Córdoba,23162,Cereté,93713
23,Córdoba,23168,Chimá,15438
23,Córdoba,23182,Chinú,49841
23,Córdoba,23189,Ciénaga de Oro,67934
23,Córdoba,23300,Cotorra,15547
23,Córdoba,23350,La Apartada,16046
23,Córdoba,23417,Lorica,120558
23,Córdoba,23419,Los Córdobas,25947
23,Córdoba,23464,Momil,15175
23,Córdoba,23466,Montelíbano(1)(3),86858
23,Córdoba,23500,Moñitos,28708
23,Córdoba,23555,Planeta Rica,68810
23,Córdoba,23570,Pueblo Nuevo,40911
23,Córdoba,23574,Puerto Escondido,31834
23,Córdoba,23580,Puerto Libertador,52371
23,Córdoba,23586,Purísima,15172
23,Córdoba,23660,Sahagún,90406
23,Córdoba,23670,San Andrés Sotavento (1) (3),46145
23,Córdoba,23672,San Antero,33096
23,Córdoba,23675,San Bernardo del Viento,35874
23,Córdoba,23678,San Carlos,28236
23,Córdoba,23682,San José de Uré(1),11549
23,Córdoba,23686,San Pelayo,44972
23,Córdoba,23807,Tierralta,107302
23,Córdoba,23815,Tuchín (1),40425
23,Córdoba,23855,Valencia,45926
25,Cundinamarca,25001,Agua de Dios,10733
25,Cundinamarca,25019,Albán,5957
25,Cundinamarca,25035,Anapoima,13928
25,Cundinamarca,25040,Anolaima,11998
25,Cundinamarca,25053,Arbeláez,12412
25,Cundinamarca,25086,Beltrán,2281
25,Cundinamarca,25095,Bituima,2480
25,Cundinamarca,25099,Bojacá,12448
25,Cundinamarca,25120,Cabrera,4434
25,Cundinamarca,25123,Cachipay,9765
25,Cundinamarca,25126,Cajicá,60379
25,Cundinamarca,25148,Caparrapí,16732
25,Cundinamarca,25151,Caqueza,17303
25,Cundinamarca,25154,Carmen de Carupa,9366
25,Cundinamarca,25168,Chaguaní,3962
25,Cundinamarca,25175,Chía,135752
25,Cundinamarca,25178,Chipaque,8401
25,Cundinamarca,25181,Choachí,10553
25,Cundinamarca,25183,Chocontá,27238
25,Cundinamarca,25200,Cogua,23654
25,Cundinamarca,25214,Cota,26463
25,Cundinamarca,25224,Cucunubá,7589
25,Cundinamarca,25245,El Colegio,22163
25,Cundinamarca,25258,El Peñón,4775
25,Cundinamarca,25260,El Rosal,18440
25,Cundinamarca,25269,Facatativá,139364
25,Cundinamarca,25279,Fomeque,12228
25,Cundinamarca,25281,Fosca,7852
25,Cundinamarca,25286,Funza,79545
25,Cundinamarca,25288,Fúquene,5780
25,Cundinamarca,25290,Fusagasugá,142426
25,Cundinamarca,25293,Gachala,5674
25,Cundinamarca,25295,Gachancipá,15632
25,Cundinamarca,25297,Gachetá,11310
25,Cundinamarca,25299,Gama,4045
25,Cundinamarca,25307,Girardot,106818
25,Cundinamarca,25312,Granada,9253
25,Cundinamarca,25317,Guachetá,11348
25,Cundinamarca,25320,Guaduas,40446
25,Cundinamarca,25322,Guasca,15478
25,Cundinamarca,25324,Guataquí,2689
25,Cundinamarca,25326,Guatavita,6958
25,Cundinamarca,25328,Guayabal de Siquima,3659
25,Cundinamarca,25335,Guayabetal,4989
25,Cundinamarca,25339,Gutiérrez,4312
25,Cundinamarca,25368,Jerusalén,2664
25,Cundinamarca,25372,Junín,8701
25,Cundinamarca,25377,La Calera,28568
25,Cundinamarca,25386,La Mesa,32771
25,Cundinamarca,25394,La Palma,11012
25,Cundinamarca,25398,La Peña,7046
25,Cundinamarca,25402,La Vega,14489
25,Cundinamarca,25407,Lenguazaque,10394
25,Cundinamarca,25426,Macheta,6178
25,Cundinamarca,25430,Madrid,82118
25,Cundinamarca,25436,Manta,4769
25,Cundinamarca,25438,Medina,10183
25,Cundinamarca,25473,Mosquera,89108
25,Cundinamarca,25483,Nariño,2249
25,Cundinamarca,25486,Nemocón,14137
25,Cundinamarca,25488,Nilo,19828
25,Cundinamarca,25489,Nimaima,7074
25,Cundinamarca,25491,Nocaima,8157
25,Cundinamarca,25506,Venecia,4084
25,Cundinamarca,25513,Pacho,27780
25,Cundinamarca,25518,Paime,4255
25,Cundinamarca,25524,Pandi,5717
25,Cundinamarca,25530,Paratebueno,7809
25,Cundinamarca,25535,Pasca,12479
25,Cundinamarca,25572,Puerto Salgar,19665
25,Cundinamarca,25580,Pulí,3031
25,Cundinamarca,25592,Quebradanegra,4766
25,Cundinamarca,25594,Quetame,7298
25,Cundinamarca,25596,Quipile,8146
25,Cundinamarca,25599,Apulo,7812
25,Cundinamarca,25612,Ricaurte,9844
25,Cundinamarca,25645,San Antonio del Tequendama,13272
25,Cundinamarca,25649,San Bernardo,10775
25,Cundinamarca,25653,San Cayetano,5354
25,Cundinamarca,25658,San Francisco,10011
25,Cundinamarca,25662,San Juan de Río Seco,9670
25,Cundinamarca,25718,Sasaima,10828
25,Cundinamarca,25736,Sesquilé,15415
25,Cundinamarca,25740,Sibaté,40535
25,Cundinamarca,25743,Silvania,22068
25,Cundinamarca,25745,Simijaca,13741
25,Cundinamarca,25754,Soacha,544997
25,Cundinamarca,25758,Sopó,28518
25,Cundinamarca,25769,Subachoque,17077
25,Cundinamarca,25772,Suesca,18375
25,Cundinamarca,25777,Supatá,5027
25,Cundinamarca,25779,Susa,13189
25,Cundinamarca,25781,Sutatausa,5809
25,Cundinamarca,25785,Tabio,29042
25,Cundinamarca,25793,Tausa,9106
25,Cundinamarca,25797,Tena,9359
25,Cundinamarca,25799,Tenjo,20179
25,Cundinamarca,25805,Tibacuy,4832
25,Cundinamarca,25807,Tibirita,2938
25,Cundinamarca,25815,Tocaima,18704
25,Cundinamarca,25817,Tocancipá,34554
25,Cundinamarca,25823,Topaipí,4493
25,Cundinamarca,25839,Ubalá,10337
25,Cundinamarca,25841,Ubaque,5958
25,Cundinamarca,25843,Villa de San Diego de Ubate,39393
25,Cundinamarca,25845,Une,9561
25,Cundinamarca,25851,Útica,5039
25,Cundinamarca,25862,Vergara,7719
25,Cundinamarca,25867,Vianí,4226
25,Cundinamarca,25871,Villagómez,2168
25,Cundinamarca,25873,Villapinzón,20711
25,Cundinamarca,25875,Villeta,25497
25,Cundinamarca,25878,Viotá,13328
25,Cundinamarca,25885,Yacopí,17113
25,Cundinamarca,25898,Zipacón,5750
25,Cundinamarca,25899,Zipaquirá,128426
27,Chocó,27001,Quibdó,116178
27,Chocó,27006,Acandí,9335
27,Chocó,27025,Alto Baudo,39684
27,Chocó,27050,Atrato,10751
27,Chocó,27073,Bagadó,7937
27,Chocó,27075,Bahía Solano,9400
27,Chocó,27077,Bajo Baudó,17733
27,Chocó,27099,Bojaya,10113
27,Chocó,27135,El Cantón del San Pablo,8586
27,Chocó,27150,Carmen del Darien,5548
27,Chocó,27160,Cértegui,10196
27,Chocó,27205,Condoto,15165
27,Chocó,27245,El Carmen de Atrato,14770
27,Chocó,27250,El Litoral del San Juan,16405
27,Chocó,27361,Istmina,25833
27,Chocó,27372,Juradó,3239
27,Chocó,27413,Lloró,11461
27,Chocó,27425,Medio Atrato,32486
27,Chocó,27430,Medio Baudó,14150
27,Chocó,27450,Medio San Juan,17456
27,Chocó,27491,Nóvita,7958
27,Chocó,27495,Nuquí,8866
27,Chocó,27580,Río Iro,10218
27,Chocó,27600,Río Quito,9292
27,Chocó,27615,Riosucio(2),28986
27,Chocó,27660,San José del Palmar,4740
27,Chocó,27745,Sipí,4219
27,Chocó,27787,Tadó,19112
27,Chocó,27800,Unguía,15263
27,Chocó,27810,Unión Panamericana,10065
41,Huila,41001,Neiva,347438
41,Huila,41006,Acevedo,35107
41,Huila,41013,Agrado,9223
41,Huila,41016,Aipe,28418
41,Huila,41020,Algeciras,24662
41,Huila,41026,Altamira,4538
41,Huila,41078,Baraya,9718
41,Huila,41132,Campoalegre,34772
41,Huila,41206,Colombia,12778
41,Huila,41244,Elías,4130
41,Huila,41298,Garzón,94219
41,Huila,41306,Gigante,34952
41,Huila,41319,Guadalupe,22467
41,Huila,41349,Hobo,7019
41,Huila,41357,Iquira,13403
41,Huila,41359,Isnos,28187
41,Huila,41378,La Argentina,14797
41,Huila,41396,La Plata,66072
41,Huila,41483,Nátaga,6496
41,Huila,41503,Oporapa,14475
41,Huila,41518,Paicol,5691
41,Huila,41524,Palermo,34406
41,Huila,41530,Palestina,11950
41,Huila,41548,Pital,13951
41,Huila,41551,Pitalito,133205
41,Huila,41615,Rivera,19378
41,Huila,41660,Saladoblanco,11821
41,Huila,41668,San Agustín,33814
41,Huila,41676,Santa María,11646
41,Huila,41770,Suaza,20558
41,Huila,41791,Tarqui,18096
41,Huila,41797,Tesalia,9346
41,Huila,41799,Tello,14448
41,Huila,41801,Teruel,8876
41,Huila,41807,Timaná,20423
41,Huila,41872,Villavieja,7307
41,Huila,41885,Yaguará,9294
44,La Guajira,44001,Riohacha,286973
44,La Guajira,44035,Albania,28044
44,La Guajira,44078,Barrancas,36862
44,La Guajira,44090,Dibulla,36636
44,La Guajira,44098,Distracción,16799
44,La Guajira,44110,El Molino,9037
44,La Guajira,44279,Fonseca,34762
44,La Guajira,44378,Hatonuevo,27721
44,La Guajira,44420,La Jagua del Pilar,3308
44,La Guajira,44430,Maicao,164424
44,La Guajira,44560,Manaure,116248
44,La Guajira,44650,San Juan del Cesar,38900
44,La Guajira,44847,Uribia,192721
44,La Guajira,44855,Urumita,19214
44,La Guajira,44874,Villanueva,28508
47,Magdalena,47001,Santa Marta,507455
47,Magdalena,47030,Algarrobo,12830
47,Magdalena,47053,Aracataca,40879
47,Magdalena,47058,Ariguaní,32527
47,Magdalena,47161,Cerro San Antonio,7734
47,Magdalena,47170,Chivolo,15793
47,Magdalena,47189,Ciénaga,105206
47,Magdalena,47205,Concordia,9260
47,Magdalena,47245,El Banco,55949
47,Magdalena,47258,El Piñon,16718
47,Magdalena,47268,El Retén,21766
47,Magdalena,47288,Fundación,57527
47,Magdalena,47318,Guamal,28012
47,Magdalena,47460,Nueva Granada,21130
47,Magdalena,47541,Pedraza,8095
47,Magdalena,47545,Pijiño del Carmen,16411
47,Magdalena,47551,Pivijay,33400
47,Magdalena,47555,Plato,60824
47,Magdalena,47570,Puebloviejo,32346
47,Magdalena,47605,Remolino,7980
47,Magdalena,47660,Sabanas de San Angel,17568
47,Magdalena,47675,Salamina,6758
47,Magdalena,47692,San Sebastián de Buenavista,17568
47,Magdalena,47703,San Zenón,9178
47,Magdalena,47707,Santa Ana,26923
47,Magdalena,47720,Santa Bárbara de Pinto,13103
47,Magdalena,47745,Sitionuevo,32801
47,Magdalena,47798,Tenerife,12214
47,Magdalena,47960,Zapayán,8907
47,Magdalena,47980,Zona Bananera,61829
50,Meta,50001,Villavicencio,516831
50,Meta,50006,Acacías,73640
50,Meta,50110,Barranca de Upía,4180
50,Meta,50124,Cabuyaro,4108
50,Meta,50150,Castilla la Nueva,10494
50,Meta,50223,Cubarral,6188
50,Meta,50226,Cumaral,18395
50,Meta,50245,El Calvario,2222
50,Meta,50251,El Castillo,6184
50,Meta,50270,El Dorado,3451
50,Meta,50287,Fuente de Oro,13919
50,Meta,50313,Granada,65952
50,Meta,50318,Guamal,9477
50,Meta,50325,Mapiripán,18532
50,Meta,50330,Mesetas,11481
50,Meta,50350,La Macarena,35766
50,Meta,50370,Uribe,17329
50,Meta,50400,Lejanías,9303
50,Meta,50450,Puerto Concordia,22559
50,Meta,50568,Puerto Gaitán,18903
50,Meta,50573,Puerto López,34696
50,Meta,50577,Puerto Lleras,9491
50,Meta,50590,Puerto Rico,18870
50,Meta,50606,Restrepo,10686
50,Meta,50680,San Carlos de Guaroa,10680
50,Meta,50683,San Juan de Arama,8728
50,Meta,50686,San Juanito,2241
50,Meta,50689,San Martín,25605
50,Meta,50711,Vistahermosa,26790
52,Nariño,52001,Pasto,455678
52,Nariño,52019,Albán,22999
52,Nariño,52022,Aldana,5855
52,Nariño,52036,Ancuyá,6572
52,Nariño,52051,Arboleda,7573
52,Nariño,52079,Barbacoas,40429
52,Nariño,52083,Belén,7801
52,Nariño,52110,Buesaco,25947
52,Nariño,52203,Colón,10238
52,Nariño,52207,Consaca,9099
52,Nariño,52210,Contadero,7035
52,Nariño,52215,Córdoba,14091
52,Nariño,52224,Cuaspud,8727
52,Nariño,52227,Cumbal,39791
52,Nariño,52233,Cumbitara,16598
52,Nariño,52240,Chachagüí,14045
52,Nariño,52250,El Charco,41042
52,Nariño,52254,El Peñol,6383
52,Nariño,52256,El Rosario,9801
52,Nariño,52258,El Tablón de Gómez,12388
52,Nariño,52260,El Tambo,11720
52,Nariño,52287,Funes,6354
52,Nariño,52317,Guachucal,15269
52,Nariño,52320,Guaitarilla,11508
52,Nariño,52323,Gualmatán,5782
52,Nariño,52352,Iles,8956
52,Nariño,52354,Imués,5902
52,Nariño,52356,Ipiales,148297
52,Nariño,52378,La Cruz,18292
52,Nariño,52381,La Florida,9297
52,Nariño,52385,La Llanada,5563
52,Nariño,52390,La Tola,14230
52,Nariño,52399,La Unión,25483
52,Nariño,52405,Leiva,14463
52,Nariño,52411,Linares,9525
52,Nariño,52418,Los Andes,20494
52,Nariño,52427,Magüi,24610
52,Nariño,52435,Mallama,7332
52,Nariño,52473,Mosquera,17783
52,Nariño,52480,Nariño,5074
52,Nariño,52490,Olaya Herrera,32379
52,Nariño,52506,Ospina,8834
52,Nariño,52520,Francisco Pizarro,16461
52,Nariño,52540,Policarpa,17783
52,Nariño,52560,Potosí,11830
52,Nariño,52565,Providencia,13711
52,Nariño,52573,Puerres,8186
52,Nariño,52585,Pupiales,19621
52,Nariño,52612,Ricaurte,19930
52,Nariño,52621,Roberto Payán,24695
52,Nariño,52678,Samaniego,49270
52,Nariño,52683,Sandoná,25746
52,Nariño,52685,San Bernardo,20908
52,Nariño,52687,San Lorenzo,20283
52,Nariño,52693,San Pablo,17217
52,Nariño,52694,San Pedro de Cartago,7657
52,Nariño,52696,Santa Bárbara,14559
52,Nariño,52699,Santacruz,30900
52,Nariño,52720,Sapuyes,6017
52,Nariño,52786,Taminango,21629
52,Nariño,52788,Tangua,9252
52,Nariño,52835,San Andres de Tumaco,212692
52,Nariño,52838,Túquerres,40276
52,Nariño,52885,Yacuanquer,11254
54,Norte de Santander,54001,Cúcuta,668838
54,Norte de Santander,54003,Abrego,39090
54,Norte de Santander,54051,Arboledas,8946
54,Norte de Santander,54099,Bochalema,7103
54,Norte de Santander,54109,Bucarasica,4573
54,Norte de Santander,54125,Cácota,1763
54,Norte de Santander,54128,Cachirá,11091
54,Norte de Santander,54172,Chinácota,16848
54,Norte de Santander,54174,Chitagá,10427
54,Norte de Santander,54206,Convención,12765
54,Norte de Santander,54223,Cucutilla,7491
54,Norte de Santander,54239,Durania,3679
54,Norte de Santander,54245,El Carmen,13363
54,Norte de Santander,54250,El Tarra,11025
54,Norte de Santander,54261,El Zulia,23663
54,Norte de Santander,54313,Gramalote,5370
54,Norte de Santander,54344,Hacarí,10860
54,Norte de Santander,54347,Herrán,3924
54,Norte de Santander,54377,Labateca,5898
54,Norte de Santander,54385,La Esperanza,12370
54,Norte de Santander,54398,La Playa,8563
54,Norte de Santander,54405,Los Patios,79336
54,Norte de Santander,54418,Lourdes,3351
54,Norte de Santander,54480,Mutiscua,3727
54,Norte de Santander,54498,Ocaña,100461
54,Norte de Santander,54518,Pamplona,58592
54,Norte de Santander,54520,Pamplonita,4971
54,Norte de Santander,54553,Puerto Santander,10757
54,Norte de Santander,54599,Ragonvalia,6907
54,Norte de Santander,54660,Salazar,8870
54,Norte de Santander,54670,San Calixto,13880
54,Norte de Santander,54673,San Cayetano,5753
54,Norte de Santander,54680,Santiago,2872
54,Norte de Santander,54720,Sardinata,22596
54,Norte de Santander,54743,Silos,4198
54,Norte de Santander,54800,Teorama,22910
54,Norte de Santander,54810,Tibú,37098
54,Norte de Santander,54820,Toledo,17287
54,Norte de Santander,54871,Villa Caro,5227
54,Norte de Santander,54874,Villa del Rosario,94796
63,Quindio,63001,Armenia,301224
63,Quindio,63111,Buenavista,2758
63,Quindio,63130,Calarca,78779
63,Quindio,63190,Circasia,30655
63,Quindio,63212,Córdoba,5268
63,Quindio,63272,Filandia,13580
63,Quindio,63302,Génova,7487
63,Quindio,63401,La Tebaida,45242
63,Quindio,63470,Montenegro,41722
63,Quindio,63548,Pijao,6000
63,Quindio,63594,Quimbaya,35195
63,Quindio,63690,Salento,7100
66,Risaralda,66001,Pereira,476636
66,Risaralda,66045,Apía,19426
66,Risaralda,66075,Balboa,6333
66,Risaralda,66088,Belén de Umbría,27728
66,Risaralda,66170,Dosquebradas,204739
66,Risaralda,66318,Guática,15169
66,Risaralda,66383,La Celia,8544
66,Risaralda,66400,La Virginia,32265
66,Risaralda,66440,Marsella,23917
66,Risaralda,66456,Mistrató,16595
66,Risaralda,66572,Pueblo Rico,13817
66,Risaralda,66594,Quinchía,33941
66,Risaralda,66682,Santa Rosa de Cabal,72836
66,Risaralda,66687,Santuario,15821
68,Santander,68001,Bucaramanga,528610
68,Santander,68013,Aguada,1782
68,Santander,68020,Albania,5289
68,Santander,68051,Aratoca,8280
68,Santander,68077,Barbosa,29352
68,Santander,68079,Barichara,7062
68,Santander,68081,Barrancabermeja,191495
68,Santander,68092,Betulia,5031
68,Santander,68101,Bolívar,11919
68,Santander,68121,Cabrera,2400
68,Santander,68132,California,2037
68,Santander,68147,Capitanejo,5430
68,Santander,68152,Carcasí,4966
68,Santander,68160,Cepitá,1819
68,Santander,68162,Cerrito,5532
68,Santander,68167,Charalá,10290
68,Santander,68169,Charta,2549
68,Santander,68176,Chima,3014
68,Santander,68179,Chipatá,5062
68,Santander,68190,Cimitarra,48328
68,Santander,68207,Concepción,5110
68,Santander,68209,Confines,2695
68,Santander,68211,Contratación,3352
68,Santander,68217,Coromoro,7642
68,Santander,68229,Curití,12016
68,Santander,68235,El Carmen de Chucurí,20671
68,Santander,68245,El Guacamayo,1918
68,Santander,68250,El Peñón,5038
68,Santander,68255,El Playón,11385
68,Santander,68264,Encino,2440
68,Santander,68266,Enciso,3136
68,Santander,68271,Florián,6276
68,Santander,68276,Floridablanca,267124
68,Santander,68296,Galán,2139
68,Santander,68298,Gambita,5039
68,Santander,68307,Girón,195499
68,Santander,68318,Guaca,6264
68,Santander,68320,Guadalupe,4519
68,Santander,68322,Guapotá,2096
68,Santander,68324,Guavatá,3495
68,Santander,68327,Güepsa,3730
68,Santander,68344,Hato,2324
68,Santander,68368,Jesús María,3045
68,Santander,68370,Jordán,1089
68,Santander,68377,La Belleza,8596
68,Santander,68385,Landázuri,15430
68,Santander,68397,La Paz,5027
68,Santander,68406,Lebríja,41122
68,Santander,68418,Los Santos,12539
68,Santander,68425,Macaravita,2263
68,Santander,68432,Málaga,18271
68,Santander,68444,Matanza,5147
68,Santander,68464,Mogotes,10864
68,Santander,68468,Molagavita,5029
68,Santander,68498,Ocamonte,4702
68,Santander,68500,Oiba,11980
68,Santander,68502,Onzaga,4895
68,Santander,68522,Palmar,3474
68,Santander,68524,Palmas del Socorro,2196
68,Santander,68533,Páramo,4252
68,Santander,68547,Piedecuesta,159760
68,Santander,68549,Pinchote,5460
68,Santander,68572,Puente Nacional,11900
68,Santander,68573,Puerto Parra,7891
68,Santander,68575,Puerto Wilches,31505
68,Santander,68615,Rionegro,26461
68,Santander,68655,Sabana de Torres,18149
68,Santander,68669,San Andrés,8208
68,Santander,68673,San Benito,4007
68,Santander,68679,San Gil,45891
68,Santander,68682,San Joaquín,2371
68,Santander,68684,San José de Miranda,4214
68,Santander,68686,San Miguel,2295
68,Santander,68689,San Vicente de Chucurí,35000
68,Santander,68705,Santa Bárbara,2085
68,Santander,68720,Santa Helena del Opón,4266
68,Santander,68745,Simacota,7493
68,Santander,68755,Socorro,30985
68,Santander,68770,Suaita,10072
68,Santander,68773,Sucre,8172
68,Santander,68780,Suratá,3196
68,Santander,68820,Tona,7201
68,Santander,68855,Valle de San José,4495
68,Santander,68861,Vélez,18871
68,Santander,68867,Vetas,2464
68,Santander,68872,Villanueva,5548
68,Santander,68895,Zapatoca,8803
70,Sucre,70001,Sincelejo,286749
70,Sucre,70110,Buenavista,9746
70,Sucre,70124,Caimito,12419
70,Sucre,70204,Coloso,5731
70,Sucre,70215,Corozal,63657
70,Sucre,70221,Coveñas,14288
70,Sucre,70230,Chalán,4401
70,Sucre,70233,El Roble,10917
70,Sucre,70235,Galeras,21199
70,Sucre,70265,Guaranda,18124
70,Sucre,70400,La Unión,11454
70,Sucre,70418,Los Palmitos,19224
70,Sucre,70429,Majagual,33811
70,Sucre,70473,Morroa,14937
70,Sucre,70508,Ovejas,20906
70,Sucre,70523,Palmito,14499
70,Sucre,70670,Sampués,38339
70,Sucre,70678,San Benito Abad,26298
70,Sucre,70702,San Juan de Betulia,12583
70,Sucre,70708,San Marcos,59237
70,Sucre,70713,San Onofre,51536
70,Sucre,70717,San Pedro,15925
70,Sucre,70742,San Luis de Sincé,34681
70,Sucre,70771,Sucre,22450
70,Sucre,70820,Santiago de Tolú,35054
70,Sucre,70823,Tolú Viejo,18892
73,Tolima,73001,Ibagué,569336
73,Tolima,73024,Alpujarra,4948
73,Tolima,73026,Alvarado,8777
73,Tolima,73030,Ambalema,6594
73,Tolima,73043,Anzoátegui,19059
73,Tolima,73055,Armero,11609
73,Tolima,73067,Ataco,22752
73,Tolima,73124,Cajamarca,19611
73,Tolima,73148,Carmen de Apicalá,8916
73,Tolima,73152,Casabianca,6603
73,Tolima,73168,Chaparral,47344
73,Tolima,73200,Coello,9963
73,Tolima,73217,Coyaima,28412
73,Tolima,73226,Cunday,9459
73,Tolima,73236,Dolores,7826
73,Tolima,73268,Espinal,75949
73,Tolima,73270,Falan,9196
73,Tolima,73275,Flandes,29377
73,Tolima,73283,Fresno,29917
73,Tolima,73319,Guamo,31605
73,Tolima,73347,Herveo,7795
73,Tolima,73349,Honda,24077
73,Tolima,73352,Icononzo,10705
73,Tolima,73408,Lérida,17013
73,Tolima,73411,Líbano,39866
73,Tolima,73443,Mariquita,33358
73,Tolima,73449,Melgar,36930
73,Tolima,73461,Murillo,5001
73,Tolima,73483,Natagaima,22390
73,Tolima,73504,Ortega,32256
73,Tolima,73520,Palocabildo,9090
73,Tolima,73547,Piedras,5683
73,Tolima,73555,Planadas,30066
73,Tolima,73563,Prado,7513
73,Tolima,73585,Purificación,29665
73,Tolima,73616,Rioblanco,24244
73,Tolima,73622,Roncesvalles,6352
73,Tolima,73624,Rovira,20349
73,Tolima,73671,Saldaña,14255
73,Tolima,73675,San Antonio,14138
73,Tolima,73678,San Luis,19130
73,Tolima,73686,Santa Isabel,6319
73,Tolima,73770,Suárez,4547
73,Tolima,73854,Valle de San Juan,6405
73,Tolima,73861,Venadillo,19764
73,Tolima,73870,Villahermosa,10531
73,Tolima,73873,Villarrica,5252
76,Valle del Cauca,76001,Cali,2445405
76,Valle del Cauca,76020,Alcalá,22710
76,Valle del Cauca,76036,Andalucía,17738
76,Valle del Cauca,76041,Ansermanuevo,19252
76,Valle del Cauca,76054,Argelia,6364
76,Valle del Cauca,76100,Bolívar,12961
76,Valle del Cauca,76109,Buenaventura,424047
76,Valle del Cauca,76111,Guadalajara de Buga,114562
76,Valle del Cauca,76113,Bugalagrande,21017
76,Valle del Cauca,76122,Caicedonia,29526
76,Valle del Cauca,76126,Calima,15848
76,Valle del Cauca,76130,Candelaria,85352
76,Valle del Cauca,76147,Cartago,134308
76,Valle del Cauca,76233,Dagua,36775
76,Valle del Cauca,76243,El Águila,11209
76,Valle del Cauca,76246,El Cairo,10184
76,Valle del Cauca,76248,El Cerrito,58296
76,Valle del Cauca,76250,El Dovio,8236
76,Valle del Cauca,76275,Florida,58775
76,Valle del Cauca,76306,Ginebra,21624
76,Valle del Cauca,76318,Guacarí,35377
76,Valle del Cauca,76364,Jamundí,127228
76,Valle del Cauca,76377,La Cumbre,11672
76,Valle del Cauca,76400,La Unión,39671
76,Valle del Cauca,76403,La Victoria,12994
76,Valle del Cauca,76497,Obando,15229
76,Valle del Cauca,76520,Palmira,310594
76,Valle del Cauca,76563,Pradera,57257
76,Valle del Cauca,76606,Restrepo,16365
76,Valle del Cauca,76616,Riofrío,14029
76,Valle del Cauca,76622,Roldanillo,32226
76,Valle del Cauca,76670,San Pedro,18882
76,Valle del Cauca,76736,Sevilla,44311
76,Valle del Cauca,76823,Toro,16598
76,Valle del Cauca,76828,Trujillo,17919
76,Valle del Cauca,76834,Tuluá,219148
76,Valle del Cauca,76845,Ulloa,5336
76,Valle del Cauca,76863,Versalles,6926
76,Valle del Cauca,76869,Vijes,11409
76,Valle del Cauca,76890,Yotoco,16491
76,Valle del Cauca,76892,Yumbo,125663
76,Valle del Cauca,76895,Zarzal,46599
81,Arauca,81001,Arauca,92107
81,Arauca,81065,Arauquita,42580
81,Arauca,81220,Cravo Norte,3226
81,Arauca,81300,Fortul,26454
81,Arauca,81591,Puerto Rondón,3825
81,Arauca,81736,Saravena,48318
81,Arauca,81794,Tame,54198
85,Casanare,85001,Yopal,149426
85,Casanare,85010,Aguazul,41994
85,Casanare,85015,Chameza,2603
85,Casanare,85125,Hato Corozal,12794
85,Casanare,85136,La Salina,1465
85,Casanare,85139,Maní,11123
85,Casanare,85162,Monterrey,15399
85,Casanare,85225,Nunchía,8928
85,Casanare,85230,Orocué,8424
85,Casanare,85250,Paz de Ariporo,26357
85,Casanare,85263,Pore,7909
85,Casanare,85279,Recetor,4528
85,Casanare,85300,Sabanalarga,2856
85,Casanare,85315,Sácama,2085
85,Casanare,85325,San Luis de Palenque,7905
85,Casanare,85400,Támara,7029
85,Casanare,85410,Tauramena,24066
85,Casanare,85430,Trinidad,15840
85,Casanare,85440,Villanueva,24518
86,Putumayo,86001,Mocoa,44631
86,Putumayo,86219,Colón,5651
86,Putumayo,86320,Orito,56365
86,Putumayo,86568,Puerto Asís,62232
86,Putumayo,86569,Puerto Caicedo,14729
86,Putumayo,86571,Puerto Guzmán,24169
86,Putumayo,86573,Leguízamo,15380
86,Putumayo,86749,Sibundoy,14396
86,Putumayo,86755,San Francisco,7190
86,Putumayo,86757,San Miguel,28329
86,Putumayo,86760,Santiago,10776
86,Putumayo,86865,Valle del Guamuez,53649
86,Putumayo,86885,Villagarzón,21399
88,Archipiélago de San Andrés,88001,San Andrés,73221
88,Archipiélago de San Andrés,88564,Providencia,5192
91,Amazonas,91001,Leticia,42280
91,Amazonas,91263,El Encanto (ANM),4972
91,Amazonas,91405,La Chorrera (ANM),4044
91,Amazonas,91407,La Pedrera (ANM),5417
91,Amazonas,91430,La Victoria (ANM),1140
91,Amazonas,91460,Miriti - Paraná (ANM),1515
91,Amazonas,91530,Puerto Alegría (ANM),2196
91,Amazonas,91536,Puerto Arica (ANM),1320
91,Amazonas,91540,Puerto Nariño,8519
91,Amazonas,91669,Puerto Santander (ANM),3113
91,Amazonas,91798,Tarapacá (ANM),4314
94,Guainía,94001,Inírida,20312
94,Guainía,94343,Barranco Minas (ANM),4984
94,Guainía,94663,Mapiripana (ANM),2759
94,Guainía,94883,San Felipe (ANM),2306
94,Guainía,94884,Puerto Colombia (ANM),5031
94,Guainía,94885,La Guadalupe (ANM),410
94,Guainía,94886,Cacahual (ANM),2812
94,Guainía,94887,Pana Pana (ANM),3467
94,Guainía,94888,Morichal (ANM),1365
95,Guaviare,95001,San José del Guaviare,67767
95,Guaviare,95015,Calamar,8456
95,Guaviare,95025,El Retorno,24155
95,Guaviare,95200,Miraflores,15451
97,Vaupés,97001,Mitú,32457
97,Vaupés,97161,Caruru,3340
97,Vaupés,97511,Pacoa (ANM),6121
97,Vaupés,97666,Taraira,952
97,Vaupés,97777,Papunaua (ANM),832
97,Vaupés,97889,Yavaraté (ANM),1226
99,Vichada,99001,Puerto Carreño,16504
99,Vichada,99524,La Primavera,17026
99,Vichada,99624,Santa Rosalía,4197
99,Vichada,99773,Cumaribo,39549
